# QubeKit parametric part (generated)
v 10.75000 -2.00000 0.00000
v 10.74856 -2.00000 0.17589
v 10.74424 -2.00000 0.35173
v 10.73705 -2.00000 0.52748
v 11.56893 -2.00000 0.75827
v 12.95652 -2.00000 1.06237
v 12.93740 -2.00000 1.27422
v 12.91482 -2.00000 1.48573
v 12.88878 -2.00000 1.69684
v 12.85929 -2.00000 1.90750
v 12.82636 -2.00000 2.11764
v 12.79000 -2.00000 2.32722
v 11.37098 -2.00000 2.26183
v 10.50772 -2.00000 2.26945
v 10.46918 -2.00000 2.44107
v 10.42784 -2.00000 2.61204
v 10.38370 -2.00000 2.78230
v 10.33679 -2.00000 2.95183
v 10.28711 -2.00000 3.12056
v 10.23467 -2.00000 3.28846
v 10.97847 -2.00000 3.72669
v 12.24007 -2.00000 4.37957
v 12.16678 -2.00000 4.57925
v 12.09022 -2.00000 4.77771
v 12.01043 -2.00000 4.97488
v 11.92743 -2.00000 5.17073
v 11.84123 -2.00000 5.36519
v 11.75186 -2.00000 5.55822
v 10.39812 -2.00000 5.12778
v 9.56230 -2.00000 4.91172
v 9.48065 -2.00000 5.06751
v 9.39647 -2.00000 5.22196
v 9.30977 -2.00000 5.37500
v 9.22058 -2.00000 5.52660
v 9.12892 -2.00000 5.67673
v 9.03482 -2.00000 5.82533
v 9.63985 -2.00000 6.44114
v 10.68949 -2.00000 7.39830
v 10.56701 -2.00000 7.57221
v 10.44170 -2.00000 7.74409
v 10.31359 -2.00000 7.91390
v 10.18273 -2.00000 8.08159
v 10.04914 -2.00000 8.24711
v 9.91285 -2.00000 8.41043
v 8.71664 -2.00000 7.64429
v 7.96522 -2.00000 7.21926
v 7.84604 -2.00000 7.34862
v 7.72475 -2.00000 7.47601
v 7.60140 -2.00000 7.60140
v 7.47601 -2.00000 7.72475
v 7.34862 -2.00000 7.84604
v 7.21926 -2.00000 7.96522
v 7.64429 -2.00000 8.71664
v 8.41043 -2.00000 9.91285
v 8.24711 -2.00000 10.04914
v 8.08159 -2.00000 10.18273
v 7.91390 -2.00000 10.31359
v 7.74409 -2.00000 10.44170
v 7.57221 -2.00000 10.56701
v 7.39830 -2.00000 10.68949
v 6.44114 -2.00000 9.63985
v 5.82533 -2.00000 9.03482
v 5.67673 -2.00000 9.12892
v 5.52660 -2.00000 9.22058
v 5.37500 -2.00000 9.30977
v 5.22196 -2.00000 9.39647
v 5.06751 -2.00000 9.48065
v 4.91172 -2.00000 9.56230
v 5.12778 -2.00000 10.39812
v 5.55822 -2.00000 11.75186
v 5.36519 -2.00000 11.84123
v 5.17073 -2.00000 11.92743
v 4.97488 -2.00000 12.01043
v 4.77771 -2.00000 12.09022
v 4.57925 -2.00000 12.16678
v 4.37957 -2.00000 12.24007
v 3.72669 -2.00000 10.97847
v 3.28846 -2.00000 10.23467
v 3.12056 -2.00000 10.28711
v 2.95183 -2.00000 10.33679
v 2.78230 -2.00000 10.38370
v 2.61204 -2.00000 10.42784
v 2.44107 -2.00000 10.46918
v 2.26945 -2.00000 10.50772
v 2.26183 -2.00000 11.37098
v 2.32722 -2.00000 12.79000
v 2.11764 -2.00000 12.82636
v 1.90750 -2.00000 12.85929
v 1.69684 -2.00000 12.88878
v 1.48573 -2.00000 12.91482
v 1.27422 -2.00000 12.93740
v 1.06237 -2.00000 12.95652
v 0.75827 -2.00000 11.56893
v 0.52748 -2.00000 10.73705
v 0.35173 -2.00000 10.74424
v 0.17589 -2.00000 10.74856
v 0.00000 -2.00000 10.75000
v -0.17589 -2.00000 10.74856
v -0.35173 -2.00000 10.74424
v -0.52748 -2.00000 10.73705
v -0.75827 -2.00000 11.56893
v -1.06237 -2.00000 12.95652
v -1.27422 -2.00000 12.93740
v -1.48573 -2.00000 12.91482
v -1.69684 -2.00000 12.88878
v -1.90750 -2.00000 12.85929
v -2.11764 -2.00000 12.82636
v -2.32722 -2.00000 12.79000
v -2.26183 -2.00000 11.37098
v -2.26945 -2.00000 10.50772
v -2.44107 -2.00000 10.46918
v -2.61204 -2.00000 10.42784
v -2.78230 -2.00000 10.38370
v -2.95183 -2.00000 10.33679
v -3.12056 -2.00000 10.28711
v -3.28846 -2.00000 10.23467
v -3.72669 -2.00000 10.97847
v -4.37957 -2.00000 12.24007
v -4.57925 -2.00000 12.16678
v -4.77771 -2.00000 12.09022
v -4.97488 -2.00000 12.01043
v -5.17073 -2.00000 11.92743
v -5.36519 -2.00000 11.84123
v -5.55822 -2.00000 11.75186
v -5.12778 -2.00000 10.39812
v -4.91172 -2.00000 9.56230
v -5.06751 -2.00000 9.48065
v -5.22196 -2.00000 9.39647
v -5.37500 -2.00000 9.30977
v -5.52660 -2.00000 9.22058
v -5.67673 -2.00000 9.12892
v -5.82533 -2.00000 9.03482
v -6.44114 -2.00000 9.63985
v -7.39830 -2.00000 10.68949
v -7.57221 -2.00000 10.56701
v -7.74409 -2.00000 10.44170
v -7.91390 -2.00000 10.31359
v -8.08159 -2.00000 10.18273
v -8.24711 -2.00000 10.04914
v -8.41043 -2.00000 9.91285
v -7.64429 -2.00000 8.71664
v -7.21926 -2.00000 7.96522
v -7.34862 -2.00000 7.84604
v -7.47601 -2.00000 7.72475
v -7.60140 -2.00000 7.60140
v -7.72475 -2.00000 7.47601
v -7.84604 -2.00000 7.34862
v -7.96522 -2.00000 7.21926
v -8.71664 -2.00000 7.64429
v -9.91285 -2.00000 8.41043
v -10.04914 -2.00000 8.24711
v -10.18273 -2.00000 8.08159
v -10.31359 -2.00000 7.91390
v -10.44170 -2.00000 7.74409
v -10.56701 -2.00000 7.57221
v -10.68949 -2.00000 7.39830
v -9.63985 -2.00000 6.44114
v -9.03482 -2.00000 5.82533
v -9.12892 -2.00000 5.67673
v -9.22058 -2.00000 5.52660
v -9.30977 -2.00000 5.37500
v -9.39647 -2.00000 5.22196
v -9.48065 -2.00000 5.06751
v -9.56230 -2.00000 4.91172
v -10.39812 -2.00000 5.12778
v -11.75186 -2.00000 5.55822
v -11.84123 -2.00000 5.36519
v -11.92743 -2.00000 5.17073
v -12.01043 -2.00000 4.97488
v -12.09022 -2.00000 4.77771
v -12.16678 -2.00000 4.57925
v -12.24007 -2.00000 4.37957
v -10.97847 -2.00000 3.72669
v -10.23467 -2.00000 3.28846
v -10.28711 -2.00000 3.12056
v -10.33679 -2.00000 2.95183
v -10.38370 -2.00000 2.78230
v -10.42784 -2.00000 2.61204
v -10.46918 -2.00000 2.44107
v -10.50772 -2.00000 2.26945
v -11.37098 -2.00000 2.26183
v -12.79000 -2.00000 2.32722
v -12.82636 -2.00000 2.11764
v -12.85929 -2.00000 1.90750
v -12.88878 -2.00000 1.69684
v -12.91482 -2.00000 1.48573
v -12.93740 -2.00000 1.27422
v -12.95652 -2.00000 1.06237
v -11.56893 -2.00000 0.75827
v -10.73705 -2.00000 0.52748
v -10.74424 -2.00000 0.35173
v -10.74856 -2.00000 0.17589
v -10.75000 -2.00000 0.00000
v -10.74856 -2.00000 -0.17589
v -10.74424 -2.00000 -0.35173
v -10.73705 -2.00000 -0.52748
v -11.56893 -2.00000 -0.75827
v -12.95652 -2.00000 -1.06237
v -12.93740 -2.00000 -1.27422
v -12.91482 -2.00000 -1.48573
v -12.88878 -2.00000 -1.69684
v -12.85929 -2.00000 -1.90750
v -12.82636 -2.00000 -2.11764
v -12.79000 -2.00000 -2.32722
v -11.37098 -2.00000 -2.26183
v -10.50772 -2.00000 -2.26945
v -10.46918 -2.00000 -2.44107
v -10.42784 -2.00000 -2.61204
v -10.38370 -2.00000 -2.78230
v -10.33679 -2.00000 -2.95183
v -10.28711 -2.00000 -3.12056
v -10.23467 -2.00000 -3.28846
v -10.97847 -2.00000 -3.72669
v -12.24007 -2.00000 -4.37957
v -12.16678 -2.00000 -4.57925
v -12.09022 -2.00000 -4.77771
v -12.01043 -2.00000 -4.97488
v -11.92743 -2.00000 -5.17073
v -11.84123 -2.00000 -5.36519
v -11.75186 -2.00000 -5.55822
v -10.39812 -2.00000 -5.12778
v -9.56230 -2.00000 -4.91172
v -9.48065 -2.00000 -5.06751
v -9.39647 -2.00000 -5.22196
v -9.30977 -2.00000 -5.37500
v -9.22058 -2.00000 -5.52660
v -9.12892 -2.00000 -5.67673
v -9.03482 -2.00000 -5.82533
v -9.63985 -2.00000 -6.44114
v -10.68949 -2.00000 -7.39830
v -10.56701 -2.00000 -7.57221
v -10.44170 -2.00000 -7.74409
v -10.31359 -2.00000 -7.91390
v -10.18273 -2.00000 -8.08159
v -10.04914 -2.00000 -8.24711
v -9.91285 -2.00000 -8.41043
v -8.71664 -2.00000 -7.64429
v -7.96522 -2.00000 -7.21926
v -7.84604 -2.00000 -7.34862
v -7.72475 -2.00000 -7.47601
v -7.60140 -2.00000 -7.60140
v -7.47601 -2.00000 -7.72475
v -7.34862 -2.00000 -7.84604
v -7.21926 -2.00000 -7.96522
v -7.64429 -2.00000 -8.71664
v -8.41043 -2.00000 -9.91285
v -8.24711 -2.00000 -10.04914
v -8.08159 -2.00000 -10.18273
v -7.91390 -2.00000 -10.31359
v -7.74409 -2.00000 -10.44170
v -7.57221 -2.00000 -10.56701
v -7.39830 -2.00000 -10.68949
v -6.44114 -2.00000 -9.63985
v -5.82533 -2.00000 -9.03482
v -5.67673 -2.00000 -9.12892
v -5.52660 -2.00000 -9.22058
v -5.37500 -2.00000 -9.30977
v -5.22196 -2.00000 -9.39647
v -5.06751 -2.00000 -9.48065
v -4.91172 -2.00000 -9.56230
v -5.12778 -2.00000 -10.39812
v -5.55822 -2.00000 -11.75186
v -5.36519 -2.00000 -11.84123
v -5.17073 -2.00000 -11.92743
v -4.97488 -2.00000 -12.01043
v -4.77771 -2.00000 -12.09022
v -4.57925 -2.00000 -12.16678
v -4.37957 -2.00000 -12.24007
v -3.72669 -2.00000 -10.97847
v -3.28846 -2.00000 -10.23467
v -3.12056 -2.00000 -10.28711
v -2.95183 -2.00000 -10.33679
v -2.78230 -2.00000 -10.38370
v -2.61204 -2.00000 -10.42784
v -2.44107 -2.00000 -10.46918
v -2.26945 -2.00000 -10.50772
v -2.26183 -2.00000 -11.37098
v -2.32722 -2.00000 -12.79000
v -2.11764 -2.00000 -12.82636
v -1.90750 -2.00000 -12.85929
v -1.69684 -2.00000 -12.88878
v -1.48573 -2.00000 -12.91482
v -1.27422 -2.00000 -12.93740
v -1.06237 -2.00000 -12.95652
v -0.75827 -2.00000 -11.56893
v -0.52748 -2.00000 -10.73705
v -0.35173 -2.00000 -10.74424
v -0.17589 -2.00000 -10.74856
v -0.00000 -2.00000 -10.75000
v 0.17589 -2.00000 -10.74856
v 0.35173 -2.00000 -10.74424
v 0.52748 -2.00000 -10.73705
v 0.75827 -2.00000 -11.56893
v 1.06237 -2.00000 -12.95652
v 1.27422 -2.00000 -12.93740
v 1.48573 -2.00000 -12.91482
v 1.69684 -2.00000 -12.88878
v 1.90750 -2.00000 -12.85929
v 2.11764 -2.00000 -12.82636
v 2.32722 -2.00000 -12.79000
v 2.26183 -2.00000 -11.37098
v 2.26945 -2.00000 -10.50772
v 2.44107 -2.00000 -10.46918
v 2.61204 -2.00000 -10.42784
v 2.78230 -2.00000 -10.38370
v 2.95183 -2.00000 -10.33679
v 3.12056 -2.00000 -10.28711
v 3.28846 -2.00000 -10.23467
v 3.72669 -2.00000 -10.97847
v 4.37957 -2.00000 -12.24007
v 4.57925 -2.00000 -12.16678
v 4.77771 -2.00000 -12.09022
v 4.97488 -2.00000 -12.01043
v 5.17073 -2.00000 -11.92743
v 5.36519 -2.00000 -11.84123
v 5.55822 -2.00000 -11.75186
v 5.12778 -2.00000 -10.39812
v 4.91172 -2.00000 -9.56230
v 5.06751 -2.00000 -9.48065
v 5.22196 -2.00000 -9.39647
v 5.37500 -2.00000 -9.30977
v 5.52660 -2.00000 -9.22058
v 5.67673 -2.00000 -9.12892
v 5.82533 -2.00000 -9.03482
v 6.44114 -2.00000 -9.63985
v 7.39830 -2.00000 -10.68949
v 7.57221 -2.00000 -10.56701
v 7.74409 -2.00000 -10.44170
v 7.91390 -2.00000 -10.31359
v 8.08159 -2.00000 -10.18273
v 8.24711 -2.00000 -10.04914
v 8.41043 -2.00000 -9.91285
v 7.64429 -2.00000 -8.71664
v 7.21926 -2.00000 -7.96522
v 7.34862 -2.00000 -7.84604
v 7.47601 -2.00000 -7.72475
v 7.60140 -2.00000 -7.60140
v 7.72475 -2.00000 -7.47601
v 7.84604 -2.00000 -7.34862
v 7.96522 -2.00000 -7.21926
v 8.71664 -2.00000 -7.64429
v 9.91285 -2.00000 -8.41043
v 10.04914 -2.00000 -8.24711
v 10.18273 -2.00000 -8.08159
v 10.31359 -2.00000 -7.91390
v 10.44170 -2.00000 -7.74409
v 10.56701 -2.00000 -7.57221
v 10.68949 -2.00000 -7.39830
v 9.63985 -2.00000 -6.44114
v 9.03482 -2.00000 -5.82533
v 9.12892 -2.00000 -5.67673
v 9.22058 -2.00000 -5.52660
v 9.30977 -2.00000 -5.37500
v 9.39647 -2.00000 -5.22196
v 9.48065 -2.00000 -5.06751
v 9.56230 -2.00000 -4.91172
v 10.39812 -2.00000 -5.12778
v 11.75186 -2.00000 -5.55822
v 11.84123 -2.00000 -5.36519
v 11.92743 -2.00000 -5.17073
v 12.01043 -2.00000 -4.97488
v 12.09022 -2.00000 -4.77771
v 12.16678 -2.00000 -4.57925
v 12.24007 -2.00000 -4.37957
v 10.97847 -2.00000 -3.72669
v 10.23467 -2.00000 -3.28846
v 10.28711 -2.00000 -3.12056
v 10.33679 -2.00000 -2.95183
v 10.38370 -2.00000 -2.78230
v 10.42784 -2.00000 -2.61204
v 10.46918 -2.00000 -2.44107
v 10.50772 -2.00000 -2.26945
v 11.37098 -2.00000 -2.26183
v 12.79000 -2.00000 -2.32722
v 12.82636 -2.00000 -2.11764
v 12.85929 -2.00000 -1.90750
v 12.88878 -2.00000 -1.69684
v 12.91482 -2.00000 -1.48573
v 12.93740 -2.00000 -1.27422
v 12.95652 -2.00000 -1.06237
v 11.56893 -2.00000 -0.75827
v 10.73705 -2.00000 -0.52748
v 10.74424 -2.00000 -0.35173
v 10.74856 -2.00000 -0.17589
v 10.75000 2.00000 0.00000
v 10.74856 2.00000 0.17589
v 10.74424 2.00000 0.35173
v 10.73705 2.00000 0.52748
v 11.56893 2.00000 0.75827
v 12.95652 2.00000 1.06237
v 12.93740 2.00000 1.27422
v 12.91482 2.00000 1.48573
v 12.88878 2.00000 1.69684
v 12.85929 2.00000 1.90750
v 12.82636 2.00000 2.11764
v 12.79000 2.00000 2.32722
v 11.37098 2.00000 2.26183
v 10.50772 2.00000 2.26945
v 10.46918 2.00000 2.44107
v 10.42784 2.00000 2.61204
v 10.38370 2.00000 2.78230
v 10.33679 2.00000 2.95183
v 10.28711 2.00000 3.12056
v 10.23467 2.00000 3.28846
v 10.97847 2.00000 3.72669
v 12.24007 2.00000 4.37957
v 12.16678 2.00000 4.57925
v 12.09022 2.00000 4.77771
v 12.01043 2.00000 4.97488
v 11.92743 2.00000 5.17073
v 11.84123 2.00000 5.36519
v 11.75186 2.00000 5.55822
v 10.39812 2.00000 5.12778
v 9.56230 2.00000 4.91172
v 9.48065 2.00000 5.06751
v 9.39647 2.00000 5.22196
v 9.30977 2.00000 5.37500
v 9.22058 2.00000 5.52660
v 9.12892 2.00000 5.67673
v 9.03482 2.00000 5.82533
v 9.63985 2.00000 6.44114
v 10.68949 2.00000 7.39830
v 10.56701 2.00000 7.57221
v 10.44170 2.00000 7.74409
v 10.31359 2.00000 7.91390
v 10.18273 2.00000 8.08159
v 10.04914 2.00000 8.24711
v 9.91285 2.00000 8.41043
v 8.71664 2.00000 7.64429
v 7.96522 2.00000 7.21926
v 7.84604 2.00000 7.34862
v 7.72475 2.00000 7.47601
v 7.60140 2.00000 7.60140
v 7.47601 2.00000 7.72475
v 7.34862 2.00000 7.84604
v 7.21926 2.00000 7.96522
v 7.64429 2.00000 8.71664
v 8.41043 2.00000 9.91285
v 8.24711 2.00000 10.04914
v 8.08159 2.00000 10.18273
v 7.91390 2.00000 10.31359
v 7.74409 2.00000 10.44170
v 7.57221 2.00000 10.56701
v 7.39830 2.00000 10.68949
v 6.44114 2.00000 9.63985
v 5.82533 2.00000 9.03482
v 5.67673 2.00000 9.12892
v 5.52660 2.00000 9.22058
v 5.37500 2.00000 9.30977
v 5.22196 2.00000 9.39647
v 5.06751 2.00000 9.48065
v 4.91172 2.00000 9.56230
v 5.12778 2.00000 10.39812
v 5.55822 2.00000 11.75186
v 5.36519 2.00000 11.84123
v 5.17073 2.00000 11.92743
v 4.97488 2.00000 12.01043
v 4.77771 2.00000 12.09022
v 4.57925 2.00000 12.16678
v 4.37957 2.00000 12.24007
v 3.72669 2.00000 10.97847
v 3.28846 2.00000 10.23467
v 3.12056 2.00000 10.28711
v 2.95183 2.00000 10.33679
v 2.78230 2.00000 10.38370
v 2.61204 2.00000 10.42784
v 2.44107 2.00000 10.46918
v 2.26945 2.00000 10.50772
v 2.26183 2.00000 11.37098
v 2.32722 2.00000 12.79000
v 2.11764 2.00000 12.82636
v 1.90750 2.00000 12.85929
v 1.69684 2.00000 12.88878
v 1.48573 2.00000 12.91482
v 1.27422 2.00000 12.93740
v 1.06237 2.00000 12.95652
v 0.75827 2.00000 11.56893
v 0.52748 2.00000 10.73705
v 0.35173 2.00000 10.74424
v 0.17589 2.00000 10.74856
v 0.00000 2.00000 10.75000
v -0.17589 2.00000 10.74856
v -0.35173 2.00000 10.74424
v -0.52748 2.00000 10.73705
v -0.75827 2.00000 11.56893
v -1.06237 2.00000 12.95652
v -1.27422 2.00000 12.93740
v -1.48573 2.00000 12.91482
v -1.69684 2.00000 12.88878
v -1.90750 2.00000 12.85929
v -2.11764 2.00000 12.82636
v -2.32722 2.00000 12.79000
v -2.26183 2.00000 11.37098
v -2.26945 2.00000 10.50772
v -2.44107 2.00000 10.46918
v -2.61204 2.00000 10.42784
v -2.78230 2.00000 10.38370
v -2.95183 2.00000 10.33679
v -3.12056 2.00000 10.28711
v -3.28846 2.00000 10.23467
v -3.72669 2.00000 10.97847
v -4.37957 2.00000 12.24007
v -4.57925 2.00000 12.16678
v -4.77771 2.00000 12.09022
v -4.97488 2.00000 12.01043
v -5.17073 2.00000 11.92743
v -5.36519 2.00000 11.84123
v -5.55822 2.00000 11.75186
v -5.12778 2.00000 10.39812
v -4.91172 2.00000 9.56230
v -5.06751 2.00000 9.48065
v -5.22196 2.00000 9.39647
v -5.37500 2.00000 9.30977
v -5.52660 2.00000 9.22058
v -5.67673 2.00000 9.12892
v -5.82533 2.00000 9.03482
v -6.44114 2.00000 9.63985
v -7.39830 2.00000 10.68949
v -7.57221 2.00000 10.56701
v -7.74409 2.00000 10.44170
v -7.91390 2.00000 10.31359
v -8.08159 2.00000 10.18273
v -8.24711 2.00000 10.04914
v -8.41043 2.00000 9.91285
v -7.64429 2.00000 8.71664
v -7.21926 2.00000 7.96522
v -7.34862 2.00000 7.84604
v -7.47601 2.00000 7.72475
v -7.60140 2.00000 7.60140
v -7.72475 2.00000 7.47601
v -7.84604 2.00000 7.34862
v -7.96522 2.00000 7.21926
v -8.71664 2.00000 7.64429
v -9.91285 2.00000 8.41043
v -10.04914 2.00000 8.24711
v -10.18273 2.00000 8.08159
v -10.31359 2.00000 7.91390
v -10.44170 2.00000 7.74409
v -10.56701 2.00000 7.57221
v -10.68949 2.00000 7.39830
v -9.63985 2.00000 6.44114
v -9.03482 2.00000 5.82533
v -9.12892 2.00000 5.67673
v -9.22058 2.00000 5.52660
v -9.30977 2.00000 5.37500
v -9.39647 2.00000 5.22196
v -9.48065 2.00000 5.06751
v -9.56230 2.00000 4.91172
v -10.39812 2.00000 5.12778
v -11.75186 2.00000 5.55822
v -11.84123 2.00000 5.36519
v -11.92743 2.00000 5.17073
v -12.01043 2.00000 4.97488
v -12.09022 2.00000 4.77771
v -12.16678 2.00000 4.57925
v -12.24007 2.00000 4.37957
v -10.97847 2.00000 3.72669
v -10.23467 2.00000 3.28846
v -10.28711 2.00000 3.12056
v -10.33679 2.00000 2.95183
v -10.38370 2.00000 2.78230
v -10.42784 2.00000 2.61204
v -10.46918 2.00000 2.44107
v -10.50772 2.00000 2.26945
v -11.37098 2.00000 2.26183
v -12.79000 2.00000 2.32722
v -12.82636 2.00000 2.11764
v -12.85929 2.00000 1.90750
v -12.88878 2.00000 1.69684
v -12.91482 2.00000 1.48573
v -12.93740 2.00000 1.27422
v -12.95652 2.00000 1.06237
v -11.56893 2.00000 0.75827
v -10.73705 2.00000 0.52748
v -10.74424 2.00000 0.35173
v -10.74856 2.00000 0.17589
v -10.75000 2.00000 0.00000
v -10.74856 2.00000 -0.17589
v -10.74424 2.00000 -0.35173
v -10.73705 2.00000 -0.52748
v -11.56893 2.00000 -0.75827
v -12.95652 2.00000 -1.06237
v -12.93740 2.00000 -1.27422
v -12.91482 2.00000 -1.48573
v -12.88878 2.00000 -1.69684
v -12.85929 2.00000 -1.90750
v -12.82636 2.00000 -2.11764
v -12.79000 2.00000 -2.32722
v -11.37098 2.00000 -2.26183
v -10.50772 2.00000 -2.26945
v -10.46918 2.00000 -2.44107
v -10.42784 2.00000 -2.61204
v -10.38370 2.00000 -2.78230
v -10.33679 2.00000 -2.95183
v -10.28711 2.00000 -3.12056
v -10.23467 2.00000 -3.28846
v -10.97847 2.00000 -3.72669
v -12.24007 2.00000 -4.37957
v -12.16678 2.00000 -4.57925
v -12.09022 2.00000 -4.77771
v -12.01043 2.00000 -4.97488
v -11.92743 2.00000 -5.17073
v -11.84123 2.00000 -5.36519
v -11.75186 2.00000 -5.55822
v -10.39812 2.00000 -5.12778
v -9.56230 2.00000 -4.91172
v -9.48065 2.00000 -5.06751
v -9.39647 2.00000 -5.22196
v -9.30977 2.00000 -5.37500
v -9.22058 2.00000 -5.52660
v -9.12892 2.00000 -5.67673
v -9.03482 2.00000 -5.82533
v -9.63985 2.00000 -6.44114
v -10.68949 2.00000 -7.39830
v -10.56701 2.00000 -7.57221
v -10.44170 2.00000 -7.74409
v -10.31359 2.00000 -7.91390
v -10.18273 2.00000 -8.08159
v -10.04914 2.00000 -8.24711
v -9.91285 2.00000 -8.41043
v -8.71664 2.00000 -7.64429
v -7.96522 2.00000 -7.21926
v -7.84604 2.00000 -7.34862
v -7.72475 2.00000 -7.47601
v -7.60140 2.00000 -7.60140
v -7.47601 2.00000 -7.72475
v -7.34862 2.00000 -7.84604
v -7.21926 2.00000 -7.96522
v -7.64429 2.00000 -8.71664
v -8.41043 2.00000 -9.91285
v -8.24711 2.00000 -10.04914
v -8.08159 2.00000 -10.18273
v -7.91390 2.00000 -10.31359
v -7.74409 2.00000 -10.44170
v -7.57221 2.00000 -10.56701
v -7.39830 2.00000 -10.68949
v -6.44114 2.00000 -9.63985
v -5.82533 2.00000 -9.03482
v -5.67673 2.00000 -9.12892
v -5.52660 2.00000 -9.22058
v -5.37500 2.00000 -9.30977
v -5.22196 2.00000 -9.39647
v -5.06751 2.00000 -9.48065
v -4.91172 2.00000 -9.56230
v -5.12778 2.00000 -10.39812
v -5.55822 2.00000 -11.75186
v -5.36519 2.00000 -11.84123
v -5.17073 2.00000 -11.92743
v -4.97488 2.00000 -12.01043
v -4.77771 2.00000 -12.09022
v -4.57925 2.00000 -12.16678
v -4.37957 2.00000 -12.24007
v -3.72669 2.00000 -10.97847
v -3.28846 2.00000 -10.23467
v -3.12056 2.00000 -10.28711
v -2.95183 2.00000 -10.33679
v -2.78230 2.00000 -10.38370
v -2.61204 2.00000 -10.42784
v -2.44107 2.00000 -10.46918
v -2.26945 2.00000 -10.50772
v -2.26183 2.00000 -11.37098
v -2.32722 2.00000 -12.79000
v -2.11764 2.00000 -12.82636
v -1.90750 2.00000 -12.85929
v -1.69684 2.00000 -12.88878
v -1.48573 2.00000 -12.91482
v -1.27422 2.00000 -12.93740
v -1.06237 2.00000 -12.95652
v -0.75827 2.00000 -11.56893
v -0.52748 2.00000 -10.73705
v -0.35173 2.00000 -10.74424
v -0.17589 2.00000 -10.74856
v -0.00000 2.00000 -10.75000
v 0.17589 2.00000 -10.74856
v 0.35173 2.00000 -10.74424
v 0.52748 2.00000 -10.73705
v 0.75827 2.00000 -11.56893
v 1.06237 2.00000 -12.95652
v 1.27422 2.00000 -12.93740
v 1.48573 2.00000 -12.91482
v 1.69684 2.00000 -12.88878
v 1.90750 2.00000 -12.85929
v 2.11764 2.00000 -12.82636
v 2.32722 2.00000 -12.79000
v 2.26183 2.00000 -11.37098
v 2.26945 2.00000 -10.50772
v 2.44107 2.00000 -10.46918
v 2.61204 2.00000 -10.42784
v 2.78230 2.00000 -10.38370
v 2.95183 2.00000 -10.33679
v 3.12056 2.00000 -10.28711
v 3.28846 2.00000 -10.23467
v 3.72669 2.00000 -10.97847
v 4.37957 2.00000 -12.24007
v 4.57925 2.00000 -12.16678
v 4.77771 2.00000 -12.09022
v 4.97488 2.00000 -12.01043
v 5.17073 2.00000 -11.92743
v 5.36519 2.00000 -11.84123
v 5.55822 2.00000 -11.75186
v 5.12778 2.00000 -10.39812
v 4.91172 2.00000 -9.56230
v 5.06751 2.00000 -9.48065
v 5.22196 2.00000 -9.39647
v 5.37500 2.00000 -9.30977
v 5.52660 2.00000 -9.22058
v 5.67673 2.00000 -9.12892
v 5.82533 2.00000 -9.03482
v 6.44114 2.00000 -9.63985
v 7.39830 2.00000 -10.68949
v 7.57221 2.00000 -10.56701
v 7.74409 2.00000 -10.44170
v 7.91390 2.00000 -10.31359
v 8.08159 2.00000 -10.18273
v 8.24711 2.00000 -10.04914
v 8.41043 2.00000 -9.91285
v 7.64429 2.00000 -8.71664
v 7.21926 2.00000 -7.96522
v 7.34862 2.00000 -7.84604
v 7.47601 2.00000 -7.72475
v 7.60140 2.00000 -7.60140
v 7.72475 2.00000 -7.47601
v 7.84604 2.00000 -7.34862
v 7.96522 2.00000 -7.21926
v 8.71664 2.00000 -7.64429
v 9.91285 2.00000 -8.41043
v 10.04914 2.00000 -8.24711
v 10.18273 2.00000 -8.08159
v 10.31359 2.00000 -7.91390
v 10.44170 2.00000 -7.74409
v 10.56701 2.00000 -7.57221
v 10.68949 2.00000 -7.39830
v 9.63985 2.00000 -6.44114
v 9.03482 2.00000 -5.82533
v 9.12892 2.00000 -5.67673
v 9.22058 2.00000 -5.52660
v 9.30977 2.00000 -5.37500
v 9.39647 2.00000 -5.22196
v 9.48065 2.00000 -5.06751
v 9.56230 2.00000 -4.91172
v 10.39812 2.00000 -5.12778
v 11.75186 2.00000 -5.55822
v 11.84123 2.00000 -5.36519
v 11.92743 2.00000 -5.17073
v 12.01043 2.00000 -4.97488
v 12.09022 2.00000 -4.77771
v 12.16678 2.00000 -4.57925
v 12.24007 2.00000 -4.37957
v 10.97847 2.00000 -3.72669
v 10.23467 2.00000 -3.28846
v 10.28711 2.00000 -3.12056
v 10.33679 2.00000 -2.95183
v 10.38370 2.00000 -2.78230
v 10.42784 2.00000 -2.61204
v 10.46918 2.00000 -2.44107
v 10.50772 2.00000 -2.26945
v 11.37098 2.00000 -2.26183
v 12.79000 2.00000 -2.32722
v 12.82636 2.00000 -2.11764
v 12.85929 2.00000 -1.90750
v 12.88878 2.00000 -1.69684
v 12.91482 2.00000 -1.48573
v 12.93740 2.00000 -1.27422
v 12.95652 2.00000 -1.06237
v 11.56893 2.00000 -0.75827
v 10.73705 2.00000 -0.52748
v 10.74424 2.00000 -0.35173
v 10.74856 2.00000 -0.17589
v 0.00000 -2.00000 0.00000
v 0.00000 2.00000 0.00000
v 5.04000 -3.60000 0.00000
v 4.86827 -3.60000 1.30445
v 4.36477 -3.60000 2.52000
v 3.56382 -3.60000 3.56382
v 2.52000 -3.60000 4.36477
v 1.30445 -3.60000 4.86827
v 0.00000 -3.60000 5.04000
v -1.30445 -3.60000 4.86827
v -2.52000 -3.60000 4.36477
v -3.56382 -3.60000 3.56382
v -4.36477 -3.60000 2.52000
v -4.86827 -3.60000 1.30445
v -5.04000 -3.60000 0.00000
v -4.86827 -3.60000 -1.30445
v -4.36477 -3.60000 -2.52000
v -3.56382 -3.60000 -3.56382
v -2.52000 -3.60000 -4.36477
v -1.30445 -3.60000 -4.86827
v -0.00000 -3.60000 -5.04000
v 1.30445 -3.60000 -4.86827
v 2.52000 -3.60000 -4.36477
v 3.56382 -3.60000 -3.56382
v 4.36477 -3.60000 -2.52000
v 4.86827 -3.60000 -1.30445
v 5.04000 -2.00000 0.00000
v 4.86827 -2.00000 1.30445
v 4.36477 -2.00000 2.52000
v 3.56382 -2.00000 3.56382
v 2.52000 -2.00000 4.36477
v 1.30445 -2.00000 4.86827
v 0.00000 -2.00000 5.04000
v -1.30445 -2.00000 4.86827
v -2.52000 -2.00000 4.36477
v -3.56382 -2.00000 3.56382
v -4.36477 -2.00000 2.52000
v -4.86827 -2.00000 1.30445
v -5.04000 -2.00000 0.00000
v -4.86827 -2.00000 -1.30445
v -4.36477 -2.00000 -2.52000
v -3.56382 -2.00000 -3.56382
v -2.52000 -2.00000 -4.36477
v -1.30445 -2.00000 -4.86827
v -0.00000 -2.00000 -5.04000
v 1.30445 -2.00000 -4.86827
v 2.52000 -2.00000 -4.36477
v 3.56382 -2.00000 -3.56382
v 4.36477 -2.00000 -2.52000
v 4.86827 -2.00000 -1.30445
v 0.00000 -3.60000 0.00000
vn 0.0000 -1.0000 0.0000
vn 0.0000 1.0000 0.0000
vn 1.0000 0.0000 0.0082
vn 1.0000 0.0000 0.0082
vn 0.0000 -1.0000 0.0000
vn 0.0000 1.0000 0.0000
vn 0.9997 0.0000 0.0245
vn 0.9997 0.0000 0.0245
vn 0.0000 -1.0000 0.0000
vn 0.0000 1.0000 0.0000
vn 0.9992 0.0000 0.0409
vn 0.9992 0.0000 0.0409
vn 0.0000 -1.0000 0.0000
vn 0.0000 1.0000 0.0000
vn 0.2673 0.0000 -0.9636
vn 0.2673 0.0000 -0.9636
vn 0.0000 -1.0000 0.0000
vn 0.0000 1.0000 0.0000
vn 0.2141 0.0000 -0.9768
vn 0.2141 0.0000 -0.9768
vn 0.0000 -1.0000 0.0000
vn 0.0000 1.0000 0.0000
vn 0.9960 0.0000 0.0899
vn 0.9960 0.0000 0.0899
vn 0.0000 -1.0000 0.0000
vn 0.0000 1.0000 0.0000
vn 0.9943 0.0000 0.1062
vn 0.9943 0.0000 0.1062
vn 0.0000 -1.0000 0.0000
vn 0.0000 1.0000 0.0000
vn 0.9925 0.0000 0.1224
vn 0.9925 0.0000 0.1224
vn 0.0000 -1.0000 0.0000
vn 0.0000 1.0000 0.0000
vn 0.9903 0.0000 0.1386
vn 0.9903 0.0000 0.1386
vn 0.0000 -1.0000 0.0000
vn 0.0000 1.0000 0.0000
vn 0.9879 0.0000 0.1548
vn 0.9879 0.0000 0.1548
vn 0.0000 -1.0000 0.0000
vn 0.0000 1.0000 0.0000
vn 0.9853 0.0000 0.1710
vn 0.9853 0.0000 0.1710
vn 0.0000 -1.0000 0.0000
vn 0.0000 1.0000 0.0000
vn -0.0460 0.0000 0.9989
vn -0.0460 0.0000 0.9989
vn 0.0000 -1.0000 0.0000
vn 0.0000 1.0000 0.0000
vn 0.0088 0.0000 1.0000
vn 0.0088 0.0000 1.0000
vn 0.0000 -1.0000 0.0000
vn 0.0000 1.0000 0.0000
vn 0.9757 0.0000 0.2191
vn 0.9757 0.0000 0.2191
vn 0.0000 -1.0000 0.0000
vn 0.0000 1.0000 0.0000
vn 0.9720 0.0000 0.2350
vn 0.9720 0.0000 0.2350
vn 0.0000 -1.0000 0.0000
vn 0.0000 1.0000 0.0000
vn 0.9680 0.0000 0.2509
vn 0.9680 0.0000 0.2509
vn 0.0000 -1.0000 0.0000
vn 0.0000 1.0000 0.0000
vn 0.9638 0.0000 0.2667
vn 0.9638 0.0000 0.2667
vn 0.0000 -1.0000 0.0000
vn 0.0000 1.0000 0.0000
vn 0.9593 0.0000 0.2824
vn 0.9593 0.0000 0.2824
vn 0.0000 -1.0000 0.0000
vn 0.0000 1.0000 0.0000
vn 0.9545 0.0000 0.2981
vn 0.9545 0.0000 0.2981
vn 0.0000 -1.0000 0.0000
vn 0.0000 1.0000 0.0000
vn 0.5076 0.0000 -0.8616
vn 0.5076 0.0000 -0.8616
vn 0.0000 -1.0000 0.0000
vn 0.0000 1.0000 0.0000
vn 0.4596 0.0000 -0.8881
vn 0.4596 0.0000 -0.8881
vn 0.0000 -1.0000 0.0000
vn 0.0000 1.0000 0.0000
vn 0.9388 0.0000 0.3446
vn 0.9388 0.0000 0.3446
vn 0.0000 -1.0000 0.0000
vn 0.0000 1.0000 0.0000
vn 0.9330 0.0000 0.3599
vn 0.9330 0.0000 0.3599
vn 0.0000 -1.0000 0.0000
vn 0.0000 1.0000 0.0000
vn 0.9270 0.0000 0.3751
vn 0.9270 0.0000 0.3751
vn 0.0000 -1.0000 0.0000
vn 0.0000 1.0000 0.0000
vn 0.9207 0.0000 0.3902
vn 0.9207 0.0000 0.3902
vn 0.0000 -1.0000 0.0000
vn 0.0000 1.0000 0.0000
vn 0.9142 0.0000 0.4052
vn 0.9142 0.0000 0.4052
vn 0.0000 -1.0000 0.0000
vn 0.0000 1.0000 0.0000
vn 0.9075 0.0000 0.4201
vn 0.9075 0.0000 0.4201
vn 0.0000 -1.0000 0.0000
vn 0.0000 1.0000 0.0000
vn -0.3030 0.0000 0.9530
vn -0.3030 0.0000 0.9530
vn 0.0000 -1.0000 0.0000
vn 0.0000 1.0000 0.0000
vn -0.2503 0.0000 0.9682
vn -0.2503 0.0000 0.9682
vn 0.0000 -1.0000 0.0000
vn 0.0000 1.0000 0.0000
vn 0.8857 0.0000 0.4642
vn 0.8857 0.0000 0.4642
vn 0.0000 -1.0000 0.0000
vn 0.0000 1.0000 0.0000
vn 0.8780 0.0000 0.4786
vn 0.8780 0.0000 0.4786
vn 0.0000 -1.0000 0.0000
vn 0.0000 1.0000 0.0000
vn 0.8701 0.0000 0.4929
vn 0.8701 0.0000 0.4929
vn 0.0000 -1.0000 0.0000
vn 0.0000 1.0000 0.0000
vn 0.8619 0.0000 0.5071
vn 0.8619 0.0000 0.5071
vn 0.0000 -1.0000 0.0000
vn 0.0000 1.0000 0.0000
vn 0.8535 0.0000 0.5211
vn 0.8535 0.0000 0.5211
vn 0.0000 -1.0000 0.0000
vn 0.0000 1.0000 0.0000
vn 0.8449 0.0000 0.5350
vn 0.8449 0.0000 0.5350
vn 0.0000 -1.0000 0.0000
vn 0.0000 1.0000 0.0000
vn 0.7133 0.0000 -0.7008
vn 0.7133 0.0000 -0.7008
vn 0.0000 -1.0000 0.0000
vn 0.0000 1.0000 0.0000
vn 0.6738 0.0000 -0.7389
vn 0.6738 0.0000 -0.7389
vn 0.0000 -1.0000 0.0000
vn 0.0000 1.0000 0.0000
vn 0.8176 0.0000 0.5758
vn 0.8176 0.0000 0.5758
vn 0.0000 -1.0000 0.0000
vn 0.0000 1.0000 0.0000
vn 0.8081 0.0000 0.5891
vn 0.8081 0.0000 0.5891
vn 0.0000 -1.0000 0.0000
vn 0.0000 1.0000 0.0000
vn 0.7983 0.0000 0.6023
vn 0.7983 0.0000 0.6023
vn 0.0000 -1.0000 0.0000
vn 0.0000 1.0000 0.0000
vn 0.7883 0.0000 0.6152
vn 0.7883 0.0000 0.6152
vn 0.0000 -1.0000 0.0000
vn 0.0000 1.0000 0.0000
vn 0.7782 0.0000 0.6280
vn 0.7782 0.0000 0.6280
vn 0.0000 -1.0000 0.0000
vn 0.0000 1.0000 0.0000
vn 0.7678 0.0000 0.6407
vn 0.7678 0.0000 0.6407
vn 0.0000 -1.0000 0.0000
vn 0.0000 1.0000 0.0000
vn -0.5393 0.0000 0.8421
vn -0.5393 0.0000 0.8421
vn 0.0000 -1.0000 0.0000
vn 0.0000 1.0000 0.0000
vn -0.4923 0.0000 0.8704
vn -0.4923 0.0000 0.8704
vn 0.0000 -1.0000 0.0000
vn 0.0000 1.0000 0.0000
vn 0.7354 0.0000 0.6776
vn 0.7354 0.0000 0.6776
vn 0.0000 -1.0000 0.0000
vn 0.0000 1.0000 0.0000
vn 0.7242 0.0000 0.6895
vn 0.7242 0.0000 0.6895
vn 0.0000 -1.0000 0.0000
vn 0.0000 1.0000 0.0000
vn 0.7129 0.0000 0.7013
vn 0.7129 0.0000 0.7013
vn 0.0000 -1.0000 0.0000
vn 0.0000 1.0000 0.0000
vn 0.7013 0.0000 0.7129
vn 0.7013 0.0000 0.7129
vn 0.0000 -1.0000 0.0000
vn 0.0000 1.0000 0.0000
vn 0.6895 0.0000 0.7242
vn 0.6895 0.0000 0.7242
vn 0.0000 -1.0000 0.0000
vn 0.0000 1.0000 0.0000
vn 0.6776 0.0000 0.7354
vn 0.6776 0.0000 0.7354
vn 0.0000 -1.0000 0.0000
vn 0.0000 1.0000 0.0000
vn 0.8704 0.0000 -0.4923
vn 0.8704 0.0000 -0.4923
vn 0.0000 -1.0000 0.0000
vn 0.0000 1.0000 0.0000
vn 0.8421 0.0000 -0.5393
vn 0.8421 0.0000 -0.5393
vn 0.0000 -1.0000 0.0000
vn 0.0000 1.0000 0.0000
vn 0.6407 0.0000 0.7678
vn 0.6407 0.0000 0.7678
vn 0.0000 -1.0000 0.0000
vn 0.0000 1.0000 0.0000
vn 0.6280 0.0000 0.7782
vn 0.6280 0.0000 0.7782
vn 0.0000 -1.0000 0.0000
vn 0.0000 1.0000 0.0000
vn 0.6152 0.0000 0.7883
vn 0.6152 0.0000 0.7883
vn 0.0000 -1.0000 0.0000
vn 0.0000 1.0000 0.0000
vn 0.6023 0.0000 0.7983
vn 0.6023 0.0000 0.7983
vn 0.0000 -1.0000 0.0000
vn 0.0000 1.0000 0.0000
vn 0.5891 0.0000 0.8081
vn 0.5891 0.0000 0.8081
vn 0.0000 -1.0000 0.0000
vn 0.0000 1.0000 0.0000
vn 0.5758 0.0000 0.8176
vn 0.5758 0.0000 0.8176
vn 0.0000 -1.0000 0.0000
vn 0.0000 1.0000 0.0000
vn -0.7389 0.0000 0.6738
vn -0.7389 0.0000 0.6738
vn 0.0000 -1.0000 0.0000
vn 0.0000 1.0000 0.0000
vn -0.7008 0.0000 0.7133
vn -0.7008 0.0000 0.7133
vn 0.0000 -1.0000 0.0000
vn 0.0000 1.0000 0.0000
vn 0.5350 0.0000 0.8449
vn 0.5350 0.0000 0.8449
vn 0.0000 -1.0000 0.0000
vn 0.0000 1.0000 0.0000
vn 0.5211 0.0000 0.8535
vn 0.5211 0.0000 0.8535
vn 0.0000 -1.0000 0.0000
vn 0.0000 1.0000 0.0000
vn 0.5071 0.0000 0.8619
vn 0.5071 0.0000 0.8619
vn 0.0000 -1.0000 0.0000
vn 0.0000 1.0000 0.0000
vn 0.4929 0.0000 0.8701
vn 0.4929 0.0000 0.8701
vn 0.0000 -1.0000 0.0000
vn 0.0000 1.0000 0.0000
vn 0.4786 0.0000 0.8780
vn 0.4786 0.0000 0.8780
vn 0.0000 -1.0000 0.0000
vn 0.0000 1.0000 0.0000
vn 0.4642 0.0000 0.8857
vn 0.4642 0.0000 0.8857
vn 0.0000 -1.0000 0.0000
vn 0.0000 1.0000 0.0000
vn 0.9682 0.0000 -0.2503
vn 0.9682 0.0000 -0.2503
vn 0.0000 -1.0000 0.0000
vn 0.0000 1.0000 0.0000
vn 0.9530 0.0000 -0.3030
vn 0.9530 0.0000 -0.3030
vn 0.0000 -1.0000 0.0000
vn 0.0000 1.0000 0.0000
vn 0.4201 0.0000 0.9075
vn 0.4201 0.0000 0.9075
vn 0.0000 -1.0000 0.0000
vn 0.0000 1.0000 0.0000
vn 0.4052 0.0000 0.9142
vn 0.4052 0.0000 0.9142
vn 0.0000 -1.0000 0.0000
vn 0.0000 1.0000 0.0000
vn 0.3902 0.0000 0.9207
vn 0.3902 0.0000 0.9207
vn 0.0000 -1.0000 0.0000
vn 0.0000 1.0000 0.0000
vn 0.3751 0.0000 0.9270
vn 0.3751 0.0000 0.9270
vn 0.0000 -1.0000 0.0000
vn 0.0000 1.0000 0.0000
vn 0.3599 0.0000 0.9330
vn 0.3599 0.0000 0.9330
vn 0.0000 -1.0000 0.0000
vn 0.0000 1.0000 0.0000
vn 0.3446 0.0000 0.9388
vn 0.3446 0.0000 0.9388
vn 0.0000 -1.0000 0.0000
vn 0.0000 1.0000 0.0000
vn -0.8881 0.0000 0.4596
vn -0.8881 0.0000 0.4596
vn 0.0000 -1.0000 0.0000
vn 0.0000 1.0000 0.0000
vn -0.8616 0.0000 0.5076
vn -0.8616 0.0000 0.5076
vn 0.0000 -1.0000 0.0000
vn 0.0000 1.0000 0.0000
vn 0.2981 0.0000 0.9545
vn 0.2981 0.0000 0.9545
vn 0.0000 -1.0000 0.0000
vn 0.0000 1.0000 0.0000
vn 0.2824 0.0000 0.9593
vn 0.2824 0.0000 0.9593
vn 0.0000 -1.0000 0.0000
vn 0.0000 1.0000 0.0000
vn 0.2667 0.0000 0.9638
vn 0.2667 0.0000 0.9638
vn 0.0000 -1.0000 0.0000
vn 0.0000 1.0000 0.0000
vn 0.2509 0.0000 0.9680
vn 0.2509 0.0000 0.9680
vn 0.0000 -1.0000 0.0000
vn 0.0000 1.0000 0.0000
vn 0.2350 0.0000 0.9720
vn 0.2350 0.0000 0.9720
vn 0.0000 -1.0000 0.0000
vn 0.0000 1.0000 0.0000
vn 0.2191 0.0000 0.9757
vn 0.2191 0.0000 0.9757
vn 0.0000 -1.0000 0.0000
vn 0.0000 1.0000 0.0000
vn 1.0000 0.0000 0.0088
vn 1.0000 0.0000 0.0088
vn 0.0000 -1.0000 0.0000
vn 0.0000 1.0000 0.0000
vn 0.9989 0.0000 -0.0460
vn 0.9989 0.0000 -0.0460
vn 0.0000 -1.0000 0.0000
vn 0.0000 1.0000 0.0000
vn 0.1710 0.0000 0.9853
vn 0.1710 0.0000 0.9853
vn 0.0000 -1.0000 0.0000
vn 0.0000 1.0000 0.0000
vn 0.1548 0.0000 0.9879
vn 0.1548 0.0000 0.9879
vn 0.0000 -1.0000 0.0000
vn 0.0000 1.0000 0.0000
vn 0.1386 0.0000 0.9903
vn 0.1386 0.0000 0.9903
vn 0.0000 -1.0000 0.0000
vn 0.0000 1.0000 0.0000
vn 0.1224 0.0000 0.9925
vn 0.1224 0.0000 0.9925
vn 0.0000 -1.0000 0.0000
vn 0.0000 1.0000 0.0000
vn 0.1062 0.0000 0.9943
vn 0.1062 0.0000 0.9943
vn 0.0000 -1.0000 0.0000
vn 0.0000 1.0000 0.0000
vn 0.0899 0.0000 0.9960
vn 0.0899 0.0000 0.9960
vn 0.0000 -1.0000 0.0000
vn 0.0000 1.0000 0.0000
vn -0.9768 0.0000 0.2141
vn -0.9768 0.0000 0.2141
vn 0.0000 -1.0000 0.0000
vn 0.0000 1.0000 0.0000
vn -0.9636 0.0000 0.2673
vn -0.9636 0.0000 0.2673
vn 0.0000 -1.0000 0.0000
vn 0.0000 1.0000 0.0000
vn 0.0409 0.0000 0.9992
vn 0.0409 0.0000 0.9992
vn 0.0000 -1.0000 0.0000
vn 0.0000 1.0000 0.0000
vn 0.0245 0.0000 0.9997
vn 0.0245 0.0000 0.9997
vn 0.0000 -1.0000 0.0000
vn 0.0000 1.0000 0.0000
vn 0.0082 0.0000 1.0000
vn 0.0082 0.0000 1.0000
vn 0.0000 -1.0000 0.0000
vn 0.0000 1.0000 -0.0000
vn -0.0082 0.0000 1.0000
vn -0.0082 0.0000 1.0000
vn 0.0000 -1.0000 0.0000
vn 0.0000 1.0000 0.0000
vn -0.0245 0.0000 0.9997
vn -0.0245 0.0000 0.9997
vn 0.0000 -1.0000 0.0000
vn 0.0000 1.0000 0.0000
vn -0.0409 0.0000 0.9992
vn -0.0409 0.0000 0.9992
vn 0.0000 -1.0000 0.0000
vn 0.0000 1.0000 0.0000
vn 0.9636 0.0000 0.2673
vn 0.9636 0.0000 0.2673
vn 0.0000 -1.0000 0.0000
vn 0.0000 1.0000 0.0000
vn 0.9768 0.0000 0.2141
vn 0.9768 0.0000 0.2141
vn 0.0000 -1.0000 0.0000
vn 0.0000 1.0000 0.0000
vn -0.0899 0.0000 0.9960
vn -0.0899 0.0000 0.9960
vn 0.0000 -1.0000 0.0000
vn 0.0000 1.0000 0.0000
vn -0.1062 0.0000 0.9943
vn -0.1062 0.0000 0.9943
vn 0.0000 -1.0000 0.0000
vn 0.0000 1.0000 0.0000
vn -0.1224 0.0000 0.9925
vn -0.1224 0.0000 0.9925
vn 0.0000 -1.0000 0.0000
vn 0.0000 1.0000 0.0000
vn -0.1386 0.0000 0.9903
vn -0.1386 0.0000 0.9903
vn 0.0000 -1.0000 0.0000
vn 0.0000 1.0000 0.0000
vn -0.1548 0.0000 0.9879
vn -0.1548 0.0000 0.9879
vn 0.0000 -1.0000 0.0000
vn 0.0000 1.0000 0.0000
vn -0.1710 0.0000 0.9853
vn -0.1710 0.0000 0.9853
vn 0.0000 -1.0000 0.0000
vn 0.0000 1.0000 0.0000
vn -0.9989 0.0000 -0.0460
vn -0.9989 -0.0000 -0.0460
vn 0.0000 -1.0000 0.0000
vn 0.0000 1.0000 0.0000
vn -1.0000 0.0000 0.0088
vn -1.0000 0.0000 0.0088
vn 0.0000 -1.0000 0.0000
vn 0.0000 1.0000 0.0000
vn -0.2191 0.0000 0.9757
vn -0.2191 0.0000 0.9757
vn 0.0000 -1.0000 0.0000
vn 0.0000 1.0000 0.0000
vn -0.2350 0.0000 0.9720
vn -0.2350 0.0000 0.9720
vn 0.0000 -1.0000 0.0000
vn 0.0000 1.0000 0.0000
vn -0.2509 0.0000 0.9680
vn -0.2509 0.0000 0.9680
vn 0.0000 -1.0000 0.0000
vn 0.0000 1.0000 0.0000
vn -0.2667 0.0000 0.9638
vn -0.2667 0.0000 0.9638
vn 0.0000 -1.0000 0.0000
vn 0.0000 1.0000 0.0000
vn -0.2824 0.0000 0.9593
vn -0.2824 0.0000 0.9593
vn 0.0000 -1.0000 0.0000
vn 0.0000 1.0000 0.0000
vn -0.2981 0.0000 0.9545
vn -0.2981 0.0000 0.9545
vn 0.0000 -1.0000 0.0000
vn 0.0000 1.0000 0.0000
vn 0.8616 0.0000 0.5076
vn 0.8616 0.0000 0.5076
vn 0.0000 -1.0000 0.0000
vn 0.0000 1.0000 0.0000
vn 0.8881 0.0000 0.4596
vn 0.8881 0.0000 0.4596
vn 0.0000 -1.0000 0.0000
vn 0.0000 1.0000 0.0000
vn -0.3446 0.0000 0.9388
vn -0.3446 0.0000 0.9388
vn 0.0000 -1.0000 0.0000
vn 0.0000 1.0000 0.0000
vn -0.3599 0.0000 0.9330
vn -0.3599 0.0000 0.9330
vn 0.0000 -1.0000 0.0000
vn 0.0000 1.0000 0.0000
vn -0.3751 0.0000 0.9270
vn -0.3751 0.0000 0.9270
vn 0.0000 -1.0000 0.0000
vn 0.0000 1.0000 0.0000
vn -0.3902 0.0000 0.9207
vn -0.3902 0.0000 0.9207
vn 0.0000 -1.0000 0.0000
vn 0.0000 1.0000 0.0000
vn -0.4052 0.0000 0.9142
vn -0.4052 0.0000 0.9142
vn 0.0000 -1.0000 0.0000
vn 0.0000 1.0000 0.0000
vn -0.4201 0.0000 0.9075
vn -0.4201 0.0000 0.9075
vn 0.0000 -1.0000 0.0000
vn 0.0000 1.0000 0.0000
vn -0.9530 0.0000 -0.3030
vn -0.9530 -0.0000 -0.3030
vn 0.0000 -1.0000 0.0000
vn 0.0000 1.0000 0.0000
vn -0.9682 0.0000 -0.2503
vn -0.9682 -0.0000 -0.2503
vn 0.0000 -1.0000 0.0000
vn 0.0000 1.0000 0.0000
vn -0.4642 0.0000 0.8857
vn -0.4642 0.0000 0.8857
vn 0.0000 -1.0000 0.0000
vn 0.0000 1.0000 0.0000
vn -0.4786 0.0000 0.8780
vn -0.4786 0.0000 0.8780
vn 0.0000 -1.0000 0.0000
vn 0.0000 1.0000 0.0000
vn -0.4929 0.0000 0.8701
vn -0.4929 0.0000 0.8701
vn 0.0000 -1.0000 0.0000
vn 0.0000 1.0000 0.0000
vn -0.5071 0.0000 0.8619
vn -0.5071 0.0000 0.8619
vn 0.0000 -1.0000 0.0000
vn 0.0000 1.0000 0.0000
vn -0.5211 0.0000 0.8535
vn -0.5211 0.0000 0.8535
vn 0.0000 -1.0000 0.0000
vn 0.0000 1.0000 0.0000
vn -0.5350 0.0000 0.8449
vn -0.5350 0.0000 0.8449
vn 0.0000 -1.0000 0.0000
vn 0.0000 1.0000 0.0000
vn 0.7008 0.0000 0.7133
vn 0.7008 0.0000 0.7133
vn 0.0000 -1.0000 0.0000
vn 0.0000 1.0000 0.0000
vn 0.7389 0.0000 0.6738
vn 0.7389 0.0000 0.6738
vn 0.0000 -1.0000 0.0000
vn 0.0000 1.0000 0.0000
vn -0.5758 0.0000 0.8176
vn -0.5758 0.0000 0.8176
vn 0.0000 -1.0000 0.0000
vn 0.0000 1.0000 0.0000
vn -0.5891 0.0000 0.8081
vn -0.5891 0.0000 0.8081
vn 0.0000 -1.0000 0.0000
vn 0.0000 1.0000 0.0000
vn -0.6023 0.0000 0.7983
vn -0.6023 0.0000 0.7983
vn 0.0000 -1.0000 0.0000
vn 0.0000 1.0000 0.0000
vn -0.6152 0.0000 0.7883
vn -0.6152 0.0000 0.7883
vn 0.0000 -1.0000 0.0000
vn 0.0000 1.0000 0.0000
vn -0.6280 0.0000 0.7782
vn -0.6280 0.0000 0.7782
vn 0.0000 -1.0000 0.0000
vn 0.0000 1.0000 0.0000
vn -0.6407 0.0000 0.7678
vn -0.6407 0.0000 0.7678
vn 0.0000 -1.0000 0.0000
vn 0.0000 1.0000 0.0000
vn -0.8421 0.0000 -0.5393
vn -0.8421 -0.0000 -0.5393
vn 0.0000 -1.0000 0.0000
vn 0.0000 1.0000 0.0000
vn -0.8704 0.0000 -0.4923
vn -0.8704 -0.0000 -0.4923
vn 0.0000 -1.0000 0.0000
vn 0.0000 1.0000 0.0000
vn -0.6776 0.0000 0.7354
vn -0.6776 0.0000 0.7354
vn 0.0000 -1.0000 0.0000
vn 0.0000 1.0000 0.0000
vn -0.6895 0.0000 0.7242
vn -0.6895 0.0000 0.7242
vn 0.0000 -1.0000 0.0000
vn 0.0000 1.0000 0.0000
vn -0.7013 0.0000 0.7129
vn -0.7013 0.0000 0.7129
vn 0.0000 -1.0000 0.0000
vn 0.0000 1.0000 0.0000
vn -0.7129 0.0000 0.7013
vn -0.7129 0.0000 0.7013
vn 0.0000 -1.0000 0.0000
vn 0.0000 1.0000 0.0000
vn -0.7242 0.0000 0.6895
vn -0.7242 0.0000 0.6895
vn 0.0000 -1.0000 0.0000
vn 0.0000 1.0000 0.0000
vn -0.7354 0.0000 0.6776
vn -0.7354 0.0000 0.6776
vn 0.0000 -1.0000 0.0000
vn 0.0000 1.0000 0.0000
vn 0.4923 0.0000 0.8704
vn 0.4923 0.0000 0.8704
vn 0.0000 -1.0000 0.0000
vn 0.0000 1.0000 0.0000
vn 0.5393 0.0000 0.8421
vn 0.5393 0.0000 0.8421
vn 0.0000 -1.0000 0.0000
vn 0.0000 1.0000 0.0000
vn -0.7678 0.0000 0.6407
vn -0.7678 0.0000 0.6407
vn 0.0000 -1.0000 0.0000
vn 0.0000 1.0000 0.0000
vn -0.7782 0.0000 0.6280
vn -0.7782 0.0000 0.6280
vn 0.0000 -1.0000 0.0000
vn 0.0000 1.0000 0.0000
vn -0.7883 0.0000 0.6152
vn -0.7883 0.0000 0.6152
vn 0.0000 -1.0000 0.0000
vn 0.0000 1.0000 0.0000
vn -0.7983 0.0000 0.6023
vn -0.7983 0.0000 0.6023
vn 0.0000 -1.0000 0.0000
vn 0.0000 1.0000 0.0000
vn -0.8081 0.0000 0.5891
vn -0.8081 0.0000 0.5891
vn 0.0000 -1.0000 0.0000
vn 0.0000 1.0000 0.0000
vn -0.8176 0.0000 0.5758
vn -0.8176 0.0000 0.5758
vn 0.0000 -1.0000 0.0000
vn 0.0000 1.0000 0.0000
vn -0.6738 0.0000 -0.7389
vn -0.6738 -0.0000 -0.7389
vn 0.0000 -1.0000 0.0000
vn 0.0000 1.0000 0.0000
vn -0.7133 0.0000 -0.7008
vn -0.7133 -0.0000 -0.7008
vn 0.0000 -1.0000 0.0000
vn 0.0000 1.0000 0.0000
vn -0.8449 0.0000 0.5350
vn -0.8449 0.0000 0.5350
vn 0.0000 -1.0000 0.0000
vn 0.0000 1.0000 0.0000
vn -0.8535 0.0000 0.5211
vn -0.8535 0.0000 0.5211
vn 0.0000 -1.0000 0.0000
vn 0.0000 1.0000 0.0000
vn -0.8619 0.0000 0.5071
vn -0.8619 0.0000 0.5071
vn 0.0000 -1.0000 0.0000
vn 0.0000 1.0000 0.0000
vn -0.8701 0.0000 0.4929
vn -0.8701 0.0000 0.4929
vn 0.0000 -1.0000 0.0000
vn 0.0000 1.0000 0.0000
vn -0.8780 0.0000 0.4786
vn -0.8780 0.0000 0.4786
vn 0.0000 -1.0000 0.0000
vn 0.0000 1.0000 0.0000
vn -0.8857 0.0000 0.4642
vn -0.8857 0.0000 0.4642
vn 0.0000 -1.0000 0.0000
vn 0.0000 1.0000 0.0000
vn 0.2503 0.0000 0.9682
vn 0.2503 0.0000 0.9682
vn 0.0000 -1.0000 0.0000
vn 0.0000 1.0000 0.0000
vn 0.3030 0.0000 0.9530
vn 0.3030 0.0000 0.9530
vn 0.0000 -1.0000 0.0000
vn 0.0000 1.0000 0.0000
vn -0.9075 0.0000 0.4201
vn -0.9075 0.0000 0.4201
vn 0.0000 -1.0000 0.0000
vn 0.0000 1.0000 0.0000
vn -0.9142 0.0000 0.4052
vn -0.9142 0.0000 0.4052
vn 0.0000 -1.0000 0.0000
vn 0.0000 1.0000 0.0000
vn -0.9207 0.0000 0.3902
vn -0.9207 0.0000 0.3902
vn 0.0000 -1.0000 0.0000
vn 0.0000 1.0000 0.0000
vn -0.9270 0.0000 0.3751
vn -0.9270 0.0000 0.3751
vn 0.0000 -1.0000 0.0000
vn 0.0000 1.0000 0.0000
vn -0.9330 0.0000 0.3599
vn -0.9330 0.0000 0.3599
vn 0.0000 -1.0000 0.0000
vn 0.0000 1.0000 0.0000
vn -0.9388 0.0000 0.3446
vn -0.9388 0.0000 0.3446
vn 0.0000 -1.0000 0.0000
vn 0.0000 1.0000 0.0000
vn -0.4596 0.0000 -0.8881
vn -0.4596 -0.0000 -0.8881
vn 0.0000 -1.0000 0.0000
vn 0.0000 1.0000 0.0000
vn -0.5076 0.0000 -0.8616
vn -0.5076 -0.0000 -0.8616
vn 0.0000 -1.0000 0.0000
vn 0.0000 1.0000 0.0000
vn -0.9545 0.0000 0.2981
vn -0.9545 0.0000 0.2981
vn 0.0000 -1.0000 0.0000
vn 0.0000 1.0000 0.0000
vn -0.9593 0.0000 0.2824
vn -0.9593 0.0000 0.2824
vn 0.0000 -1.0000 0.0000
vn 0.0000 1.0000 0.0000
vn -0.9638 0.0000 0.2667
vn -0.9638 0.0000 0.2667
vn 0.0000 -1.0000 0.0000
vn 0.0000 1.0000 0.0000
vn -0.9680 0.0000 0.2509
vn -0.9680 0.0000 0.2509
vn 0.0000 -1.0000 0.0000
vn 0.0000 1.0000 0.0000
vn -0.9720 0.0000 0.2350
vn -0.9720 0.0000 0.2350
vn 0.0000 -1.0000 0.0000
vn 0.0000 1.0000 0.0000
vn -0.9757 0.0000 0.2191
vn -0.9757 0.0000 0.2191
vn 0.0000 -1.0000 0.0000
vn 0.0000 1.0000 0.0000
vn -0.0088 0.0000 1.0000
vn -0.0088 0.0000 1.0000
vn 0.0000 -1.0000 0.0000
vn 0.0000 1.0000 0.0000
vn 0.0460 0.0000 0.9989
vn 0.0460 0.0000 0.9989
vn 0.0000 -1.0000 0.0000
vn 0.0000 1.0000 0.0000
vn -0.9853 0.0000 0.1710
vn -0.9853 0.0000 0.1710
vn 0.0000 -1.0000 0.0000
vn 0.0000 1.0000 0.0000
vn -0.9879 0.0000 0.1548
vn -0.9879 0.0000 0.1548
vn 0.0000 -1.0000 0.0000
vn 0.0000 1.0000 0.0000
vn -0.9903 0.0000 0.1386
vn -0.9903 0.0000 0.1386
vn 0.0000 -1.0000 0.0000
vn 0.0000 1.0000 0.0000
vn -0.9925 0.0000 0.1224
vn -0.9925 0.0000 0.1224
vn 0.0000 -1.0000 0.0000
vn 0.0000 1.0000 0.0000
vn -0.9943 0.0000 0.1062
vn -0.9943 0.0000 0.1062
vn 0.0000 -1.0000 0.0000
vn 0.0000 1.0000 0.0000
vn -0.9960 0.0000 0.0899
vn -0.9960 0.0000 0.0899
vn 0.0000 -1.0000 0.0000
vn 0.0000 1.0000 0.0000
vn -0.2141 0.0000 -0.9768
vn -0.2141 -0.0000 -0.9768
vn 0.0000 -1.0000 0.0000
vn 0.0000 1.0000 0.0000
vn -0.2673 0.0000 -0.9636
vn -0.2673 -0.0000 -0.9636
vn 0.0000 -1.0000 0.0000
vn 0.0000 1.0000 0.0000
vn -0.9992 0.0000 0.0409
vn -0.9992 0.0000 0.0409
vn 0.0000 -1.0000 0.0000
vn 0.0000 1.0000 0.0000
vn -0.9997 0.0000 0.0245
vn -0.9997 0.0000 0.0245
vn 0.0000 -1.0000 0.0000
vn 0.0000 1.0000 0.0000
vn -1.0000 0.0000 0.0082
vn -1.0000 0.0000 0.0082
vn -0.0000 -1.0000 0.0000
vn 0.0000 1.0000 0.0000
vn -1.0000 0.0000 -0.0082
vn -1.0000 -0.0000 -0.0082
vn 0.0000 -1.0000 0.0000
vn 0.0000 1.0000 0.0000
vn -0.9997 0.0000 -0.0245
vn -0.9997 -0.0000 -0.0245
vn 0.0000 -1.0000 0.0000
vn 0.0000 1.0000 0.0000
vn -0.9992 0.0000 -0.0409
vn -0.9992 -0.0000 -0.0409
vn 0.0000 -1.0000 0.0000
vn 0.0000 1.0000 0.0000
vn -0.2673 0.0000 0.9636
vn -0.2673 0.0000 0.9636
vn 0.0000 -1.0000 0.0000
vn 0.0000 1.0000 0.0000
vn -0.2141 0.0000 0.9768
vn -0.2141 0.0000 0.9768
vn 0.0000 -1.0000 0.0000
vn 0.0000 1.0000 0.0000
vn -0.9960 0.0000 -0.0899
vn -0.9960 -0.0000 -0.0899
vn 0.0000 -1.0000 0.0000
vn 0.0000 1.0000 0.0000
vn -0.9943 0.0000 -0.1062
vn -0.9943 -0.0000 -0.1062
vn 0.0000 -1.0000 0.0000
vn 0.0000 1.0000 0.0000
vn -0.9925 0.0000 -0.1224
vn -0.9925 -0.0000 -0.1224
vn 0.0000 -1.0000 0.0000
vn 0.0000 1.0000 0.0000
vn -0.9903 0.0000 -0.1386
vn -0.9903 -0.0000 -0.1386
vn 0.0000 -1.0000 0.0000
vn 0.0000 1.0000 0.0000
vn -0.9879 0.0000 -0.1548
vn -0.9879 -0.0000 -0.1548
vn 0.0000 -1.0000 0.0000
vn 0.0000 1.0000 0.0000
vn -0.9853 0.0000 -0.1710
vn -0.9853 -0.0000 -0.1710
vn 0.0000 -1.0000 0.0000
vn 0.0000 1.0000 0.0000
vn 0.0460 0.0000 -0.9989
vn 0.0460 0.0000 -0.9989
vn 0.0000 -1.0000 0.0000
vn 0.0000 1.0000 0.0000
vn -0.0088 0.0000 -1.0000
vn -0.0088 -0.0000 -1.0000
vn 0.0000 -1.0000 0.0000
vn 0.0000 1.0000 0.0000
vn -0.9757 0.0000 -0.2191
vn -0.9757 -0.0000 -0.2191
vn 0.0000 -1.0000 0.0000
vn 0.0000 1.0000 0.0000
vn -0.9720 0.0000 -0.2350
vn -0.9720 -0.0000 -0.2350
vn 0.0000 -1.0000 0.0000
vn 0.0000 1.0000 0.0000
vn -0.9680 0.0000 -0.2509
vn -0.9680 -0.0000 -0.2509
vn 0.0000 -1.0000 0.0000
vn 0.0000 1.0000 0.0000
vn -0.9638 0.0000 -0.2667
vn -0.9638 -0.0000 -0.2667
vn 0.0000 -1.0000 0.0000
vn 0.0000 1.0000 0.0000
vn -0.9593 0.0000 -0.2824
vn -0.9593 -0.0000 -0.2824
vn 0.0000 -1.0000 0.0000
vn 0.0000 1.0000 0.0000
vn -0.9545 0.0000 -0.2981
vn -0.9545 -0.0000 -0.2981
vn 0.0000 -1.0000 0.0000
vn 0.0000 1.0000 0.0000
vn -0.5076 0.0000 0.8616
vn -0.5076 0.0000 0.8616
vn 0.0000 -1.0000 0.0000
vn 0.0000 1.0000 0.0000
vn -0.4596 0.0000 0.8881
vn -0.4596 0.0000 0.8881
vn 0.0000 -1.0000 0.0000
vn 0.0000 1.0000 0.0000
vn -0.9388 0.0000 -0.3446
vn -0.9388 -0.0000 -0.3446
vn 0.0000 -1.0000 0.0000
vn 0.0000 1.0000 0.0000
vn -0.9330 0.0000 -0.3599
vn -0.9330 -0.0000 -0.3599
vn 0.0000 -1.0000 0.0000
vn 0.0000 1.0000 0.0000
vn -0.9270 0.0000 -0.3751
vn -0.9270 -0.0000 -0.3751
vn 0.0000 -1.0000 0.0000
vn 0.0000 1.0000 0.0000
vn -0.9207 0.0000 -0.3902
vn -0.9207 -0.0000 -0.3902
vn 0.0000 -1.0000 0.0000
vn 0.0000 1.0000 0.0000
vn -0.9142 0.0000 -0.4052
vn -0.9142 -0.0000 -0.4052
vn 0.0000 -1.0000 0.0000
vn 0.0000 1.0000 0.0000
vn -0.9075 0.0000 -0.4201
vn -0.9075 -0.0000 -0.4201
vn 0.0000 -1.0000 0.0000
vn 0.0000 1.0000 0.0000
vn 0.3030 0.0000 -0.9530
vn 0.3030 0.0000 -0.9530
vn 0.0000 -1.0000 0.0000
vn 0.0000 1.0000 0.0000
vn 0.2503 0.0000 -0.9682
vn 0.2503 0.0000 -0.9682
vn 0.0000 -1.0000 0.0000
vn 0.0000 1.0000 0.0000
vn -0.8857 0.0000 -0.4642
vn -0.8857 -0.0000 -0.4642
vn 0.0000 -1.0000 0.0000
vn 0.0000 1.0000 0.0000
vn -0.8780 0.0000 -0.4786
vn -0.8780 -0.0000 -0.4786
vn 0.0000 -1.0000 0.0000
vn 0.0000 1.0000 0.0000
vn -0.8701 0.0000 -0.4929
vn -0.8701 -0.0000 -0.4929
vn 0.0000 -1.0000 0.0000
vn 0.0000 1.0000 0.0000
vn -0.8619 0.0000 -0.5071
vn -0.8619 -0.0000 -0.5071
vn 0.0000 -1.0000 0.0000
vn 0.0000 1.0000 0.0000
vn -0.8535 0.0000 -0.5211
vn -0.8535 -0.0000 -0.5211
vn 0.0000 -1.0000 0.0000
vn 0.0000 1.0000 0.0000
vn -0.8449 0.0000 -0.5350
vn -0.8449 -0.0000 -0.5350
vn 0.0000 -1.0000 0.0000
vn 0.0000 1.0000 0.0000
vn -0.7133 0.0000 0.7008
vn -0.7133 0.0000 0.7008
vn 0.0000 -1.0000 0.0000
vn 0.0000 1.0000 0.0000
vn -0.6738 0.0000 0.7389
vn -0.6738 0.0000 0.7389
vn 0.0000 -1.0000 0.0000
vn 0.0000 1.0000 0.0000
vn -0.8176 0.0000 -0.5758
vn -0.8176 -0.0000 -0.5758
vn 0.0000 -1.0000 0.0000
vn 0.0000 1.0000 0.0000
vn -0.8081 0.0000 -0.5891
vn -0.8081 -0.0000 -0.5891
vn 0.0000 -1.0000 0.0000
vn 0.0000 1.0000 0.0000
vn -0.7983 0.0000 -0.6023
vn -0.7983 -0.0000 -0.6023
vn 0.0000 -1.0000 0.0000
vn 0.0000 1.0000 0.0000
vn -0.7883 0.0000 -0.6152
vn -0.7883 -0.0000 -0.6152
vn 0.0000 -1.0000 0.0000
vn 0.0000 1.0000 0.0000
vn -0.7782 0.0000 -0.6280
vn -0.7782 -0.0000 -0.6280
vn 0.0000 -1.0000 0.0000
vn 0.0000 1.0000 0.0000
vn -0.7678 0.0000 -0.6407
vn -0.7678 -0.0000 -0.6407
vn 0.0000 -1.0000 0.0000
vn 0.0000 1.0000 0.0000
vn 0.5393 0.0000 -0.8421
vn 0.5393 0.0000 -0.8421
vn 0.0000 -1.0000 0.0000
vn 0.0000 1.0000 0.0000
vn 0.4923 0.0000 -0.8704
vn 0.4923 0.0000 -0.8704
vn 0.0000 -1.0000 0.0000
vn 0.0000 1.0000 0.0000
vn -0.7354 0.0000 -0.6776
vn -0.7354 -0.0000 -0.6776
vn 0.0000 -1.0000 0.0000
vn 0.0000 1.0000 0.0000
vn -0.7242 0.0000 -0.6895
vn -0.7242 -0.0000 -0.6895
vn 0.0000 -1.0000 0.0000
vn 0.0000 1.0000 0.0000
vn -0.7129 0.0000 -0.7013
vn -0.7129 -0.0000 -0.7013
vn 0.0000 -1.0000 0.0000
vn 0.0000 1.0000 0.0000
vn -0.7013 0.0000 -0.7129
vn -0.7013 -0.0000 -0.7129
vn 0.0000 -1.0000 0.0000
vn 0.0000 1.0000 0.0000
vn -0.6895 0.0000 -0.7242
vn -0.6895 -0.0000 -0.7242
vn 0.0000 -1.0000 0.0000
vn 0.0000 1.0000 0.0000
vn -0.6776 0.0000 -0.7354
vn -0.6776 -0.0000 -0.7354
vn 0.0000 -1.0000 0.0000
vn 0.0000 1.0000 0.0000
vn -0.8704 0.0000 0.4923
vn -0.8704 0.0000 0.4923
vn 0.0000 -1.0000 0.0000
vn 0.0000 1.0000 0.0000
vn -0.8421 0.0000 0.5393
vn -0.8421 0.0000 0.5393
vn 0.0000 -1.0000 0.0000
vn 0.0000 1.0000 0.0000
vn -0.6407 0.0000 -0.7678
vn -0.6407 -0.0000 -0.7678
vn 0.0000 -1.0000 0.0000
vn 0.0000 1.0000 0.0000
vn -0.6280 0.0000 -0.7782
vn -0.6280 -0.0000 -0.7782
vn 0.0000 -1.0000 0.0000
vn 0.0000 1.0000 0.0000
vn -0.6152 0.0000 -0.7883
vn -0.6152 -0.0000 -0.7883
vn 0.0000 -1.0000 0.0000
vn 0.0000 1.0000 0.0000
vn -0.6023 0.0000 -0.7983
vn -0.6023 -0.0000 -0.7983
vn 0.0000 -1.0000 0.0000
vn 0.0000 1.0000 0.0000
vn -0.5891 0.0000 -0.8081
vn -0.5891 -0.0000 -0.8081
vn 0.0000 -1.0000 0.0000
vn 0.0000 1.0000 0.0000
vn -0.5758 0.0000 -0.8176
vn -0.5758 -0.0000 -0.8176
vn 0.0000 -1.0000 0.0000
vn 0.0000 1.0000 0.0000
vn 0.7389 0.0000 -0.6738
vn 0.7389 0.0000 -0.6738
vn 0.0000 -1.0000 0.0000
vn 0.0000 1.0000 0.0000
vn 0.7008 0.0000 -0.7133
vn 0.7008 0.0000 -0.7133
vn 0.0000 -1.0000 0.0000
vn 0.0000 1.0000 0.0000
vn -0.5350 0.0000 -0.8449
vn -0.5350 -0.0000 -0.8449
vn 0.0000 -1.0000 0.0000
vn 0.0000 1.0000 0.0000
vn -0.5211 0.0000 -0.8535
vn -0.5211 -0.0000 -0.8535
vn 0.0000 -1.0000 0.0000
vn 0.0000 1.0000 0.0000
vn -0.5071 0.0000 -0.8619
vn -0.5071 -0.0000 -0.8619
vn 0.0000 -1.0000 0.0000
vn 0.0000 1.0000 0.0000
vn -0.4929 0.0000 -0.8701
vn -0.4929 -0.0000 -0.8701
vn 0.0000 -1.0000 0.0000
vn 0.0000 1.0000 0.0000
vn -0.4786 0.0000 -0.8780
vn -0.4786 -0.0000 -0.8780
vn 0.0000 -1.0000 0.0000
vn 0.0000 1.0000 0.0000
vn -0.4642 0.0000 -0.8857
vn -0.4642 -0.0000 -0.8857
vn 0.0000 -1.0000 0.0000
vn 0.0000 1.0000 0.0000
vn -0.9682 0.0000 0.2503
vn -0.9682 0.0000 0.2503
vn 0.0000 -1.0000 0.0000
vn 0.0000 1.0000 0.0000
vn -0.9530 0.0000 0.3030
vn -0.9530 0.0000 0.3030
vn 0.0000 -1.0000 0.0000
vn 0.0000 1.0000 0.0000
vn -0.4201 0.0000 -0.9075
vn -0.4201 -0.0000 -0.9075
vn 0.0000 -1.0000 0.0000
vn 0.0000 1.0000 0.0000
vn -0.4052 0.0000 -0.9142
vn -0.4052 -0.0000 -0.9142
vn 0.0000 -1.0000 0.0000
vn 0.0000 1.0000 0.0000
vn -0.3902 0.0000 -0.9207
vn -0.3902 -0.0000 -0.9207
vn 0.0000 -1.0000 0.0000
vn 0.0000 1.0000 0.0000
vn -0.3751 0.0000 -0.9270
vn -0.3751 -0.0000 -0.9270
vn 0.0000 -1.0000 0.0000
vn 0.0000 1.0000 0.0000
vn -0.3599 0.0000 -0.9330
vn -0.3599 -0.0000 -0.9330
vn 0.0000 -1.0000 0.0000
vn 0.0000 1.0000 0.0000
vn -0.3446 0.0000 -0.9388
vn -0.3446 -0.0000 -0.9388
vn 0.0000 -1.0000 0.0000
vn 0.0000 1.0000 0.0000
vn 0.8881 0.0000 -0.4596
vn 0.8881 0.0000 -0.4596
vn 0.0000 -1.0000 0.0000
vn 0.0000 1.0000 0.0000
vn 0.8616 0.0000 -0.5076
vn 0.8616 0.0000 -0.5076
vn 0.0000 -1.0000 0.0000
vn 0.0000 1.0000 0.0000
vn -0.2981 0.0000 -0.9545
vn -0.2981 -0.0000 -0.9545
vn 0.0000 -1.0000 0.0000
vn 0.0000 1.0000 0.0000
vn -0.2824 0.0000 -0.9593
vn -0.2824 -0.0000 -0.9593
vn 0.0000 -1.0000 0.0000
vn 0.0000 1.0000 0.0000
vn -0.2667 0.0000 -0.9638
vn -0.2667 -0.0000 -0.9638
vn 0.0000 -1.0000 0.0000
vn 0.0000 1.0000 0.0000
vn -0.2509 0.0000 -0.9680
vn -0.2509 -0.0000 -0.9680
vn 0.0000 -1.0000 0.0000
vn 0.0000 1.0000 0.0000
vn -0.2350 0.0000 -0.9720
vn -0.2350 -0.0000 -0.9720
vn 0.0000 -1.0000 0.0000
vn 0.0000 1.0000 0.0000
vn -0.2191 0.0000 -0.9757
vn -0.2191 -0.0000 -0.9757
vn 0.0000 -1.0000 0.0000
vn 0.0000 1.0000 0.0000
vn -1.0000 0.0000 -0.0088
vn -1.0000 -0.0000 -0.0088
vn 0.0000 -1.0000 0.0000
vn 0.0000 1.0000 0.0000
vn -0.9989 0.0000 0.0460
vn -0.9989 0.0000 0.0460
vn 0.0000 -1.0000 0.0000
vn 0.0000 1.0000 0.0000
vn -0.1710 0.0000 -0.9853
vn -0.1710 -0.0000 -0.9853
vn 0.0000 -1.0000 0.0000
vn 0.0000 1.0000 0.0000
vn -0.1548 0.0000 -0.9879
vn -0.1548 -0.0000 -0.9879
vn 0.0000 -1.0000 0.0000
vn 0.0000 1.0000 0.0000
vn -0.1386 0.0000 -0.9903
vn -0.1386 -0.0000 -0.9903
vn 0.0000 -1.0000 0.0000
vn 0.0000 1.0000 0.0000
vn -0.1224 0.0000 -0.9925
vn -0.1224 -0.0000 -0.9925
vn 0.0000 -1.0000 0.0000
vn 0.0000 1.0000 0.0000
vn -0.1062 0.0000 -0.9943
vn -0.1062 -0.0000 -0.9943
vn 0.0000 -1.0000 0.0000
vn 0.0000 1.0000 0.0000
vn -0.0899 0.0000 -0.9960
vn -0.0899 -0.0000 -0.9960
vn 0.0000 -1.0000 0.0000
vn 0.0000 1.0000 0.0000
vn 0.9768 0.0000 -0.2141
vn 0.9768 0.0000 -0.2141
vn 0.0000 -1.0000 0.0000
vn 0.0000 1.0000 0.0000
vn 0.9636 0.0000 -0.2673
vn 0.9636 0.0000 -0.2673
vn 0.0000 -1.0000 0.0000
vn 0.0000 1.0000 0.0000
vn -0.0409 0.0000 -0.9992
vn -0.0409 -0.0000 -0.9992
vn 0.0000 -1.0000 0.0000
vn 0.0000 1.0000 0.0000
vn -0.0245 0.0000 -0.9997
vn -0.0245 -0.0000 -0.9997
vn 0.0000 -1.0000 0.0000
vn 0.0000 1.0000 0.0000
vn -0.0082 0.0000 -1.0000
vn -0.0082 -0.0000 -1.0000
vn 0.0000 -1.0000 -0.0000
vn 0.0000 1.0000 0.0000
vn 0.0082 0.0000 -1.0000
vn 0.0082 0.0000 -1.0000
vn 0.0000 -1.0000 0.0000
vn 0.0000 1.0000 0.0000
vn 0.0245 0.0000 -0.9997
vn 0.0245 0.0000 -0.9997
vn 0.0000 -1.0000 0.0000
vn 0.0000 1.0000 0.0000
vn 0.0409 0.0000 -0.9992
vn 0.0409 0.0000 -0.9992
vn 0.0000 -1.0000 0.0000
vn 0.0000 1.0000 0.0000
vn -0.9636 0.0000 -0.2673
vn -0.9636 -0.0000 -0.2673
vn 0.0000 -1.0000 0.0000
vn 0.0000 1.0000 0.0000
vn -0.9768 0.0000 -0.2141
vn -0.9768 -0.0000 -0.2141
vn 0.0000 -1.0000 0.0000
vn 0.0000 1.0000 0.0000
vn 0.0899 0.0000 -0.9960
vn 0.0899 0.0000 -0.9960
vn 0.0000 -1.0000 0.0000
vn 0.0000 1.0000 0.0000
vn 0.1062 0.0000 -0.9943
vn 0.1062 0.0000 -0.9943
vn 0.0000 -1.0000 0.0000
vn 0.0000 1.0000 0.0000
vn 0.1224 0.0000 -0.9925
vn 0.1224 0.0000 -0.9925
vn 0.0000 -1.0000 0.0000
vn 0.0000 1.0000 0.0000
vn 0.1386 0.0000 -0.9903
vn 0.1386 0.0000 -0.9903
vn 0.0000 -1.0000 0.0000
vn 0.0000 1.0000 0.0000
vn 0.1548 0.0000 -0.9879
vn 0.1548 0.0000 -0.9879
vn 0.0000 -1.0000 0.0000
vn 0.0000 1.0000 0.0000
vn 0.1710 0.0000 -0.9853
vn 0.1710 0.0000 -0.9853
vn 0.0000 -1.0000 0.0000
vn 0.0000 1.0000 0.0000
vn 0.9989 0.0000 0.0460
vn 0.9989 0.0000 0.0460
vn 0.0000 -1.0000 0.0000
vn 0.0000 1.0000 0.0000
vn 1.0000 0.0000 -0.0088
vn 1.0000 0.0000 -0.0088
vn 0.0000 -1.0000 0.0000
vn 0.0000 1.0000 0.0000
vn 0.2191 0.0000 -0.9757
vn 0.2191 0.0000 -0.9757
vn 0.0000 -1.0000 0.0000
vn 0.0000 1.0000 0.0000
vn 0.2350 0.0000 -0.9720
vn 0.2350 0.0000 -0.9720
vn 0.0000 -1.0000 0.0000
vn 0.0000 1.0000 0.0000
vn 0.2509 0.0000 -0.9680
vn 0.2509 0.0000 -0.9680
vn 0.0000 -1.0000 0.0000
vn 0.0000 1.0000 0.0000
vn 0.2667 0.0000 -0.9638
vn 0.2667 0.0000 -0.9638
vn 0.0000 -1.0000 0.0000
vn 0.0000 1.0000 0.0000
vn 0.2824 0.0000 -0.9593
vn 0.2824 0.0000 -0.9593
vn 0.0000 -1.0000 0.0000
vn 0.0000 1.0000 0.0000
vn 0.2981 0.0000 -0.9545
vn 0.2981 0.0000 -0.9545
vn 0.0000 -1.0000 0.0000
vn 0.0000 1.0000 0.0000
vn -0.8616 0.0000 -0.5076
vn -0.8616 -0.0000 -0.5076
vn 0.0000 -1.0000 0.0000
vn 0.0000 1.0000 0.0000
vn -0.8881 0.0000 -0.4596
vn -0.8881 -0.0000 -0.4596
vn 0.0000 -1.0000 0.0000
vn 0.0000 1.0000 0.0000
vn 0.3446 0.0000 -0.9388
vn 0.3446 0.0000 -0.9388
vn 0.0000 -1.0000 0.0000
vn 0.0000 1.0000 0.0000
vn 0.3599 0.0000 -0.9330
vn 0.3599 0.0000 -0.9330
vn 0.0000 -1.0000 0.0000
vn 0.0000 1.0000 0.0000
vn 0.3751 0.0000 -0.9270
vn 0.3751 0.0000 -0.9270
vn 0.0000 -1.0000 0.0000
vn 0.0000 1.0000 0.0000
vn 0.3902 0.0000 -0.9207
vn 0.3902 0.0000 -0.9207
vn 0.0000 -1.0000 0.0000
vn 0.0000 1.0000 0.0000
vn 0.4052 0.0000 -0.9142
vn 0.4052 0.0000 -0.9142
vn 0.0000 -1.0000 0.0000
vn 0.0000 1.0000 0.0000
vn 0.4201 0.0000 -0.9075
vn 0.4201 0.0000 -0.9075
vn 0.0000 -1.0000 0.0000
vn 0.0000 1.0000 0.0000
vn 0.9530 0.0000 0.3030
vn 0.9530 0.0000 0.3030
vn 0.0000 -1.0000 0.0000
vn 0.0000 1.0000 0.0000
vn 0.9682 0.0000 0.2503
vn 0.9682 0.0000 0.2503
vn 0.0000 -1.0000 0.0000
vn 0.0000 1.0000 0.0000
vn 0.4642 0.0000 -0.8857
vn 0.4642 0.0000 -0.8857
vn 0.0000 -1.0000 0.0000
vn 0.0000 1.0000 0.0000
vn 0.4786 0.0000 -0.8780
vn 0.4786 0.0000 -0.8780
vn 0.0000 -1.0000 0.0000
vn 0.0000 1.0000 0.0000
vn 0.4929 0.0000 -0.8701
vn 0.4929 0.0000 -0.8701
vn 0.0000 -1.0000 0.0000
vn 0.0000 1.0000 0.0000
vn 0.5071 0.0000 -0.8619
vn 0.5071 0.0000 -0.8619
vn 0.0000 -1.0000 0.0000
vn 0.0000 1.0000 0.0000
vn 0.5211 0.0000 -0.8535
vn 0.5211 0.0000 -0.8535
vn 0.0000 -1.0000 0.0000
vn 0.0000 1.0000 0.0000
vn 0.5350 0.0000 -0.8449
vn 0.5350 0.0000 -0.8449
vn 0.0000 -1.0000 0.0000
vn 0.0000 1.0000 0.0000
vn -0.7008 0.0000 -0.7133
vn -0.7008 -0.0000 -0.7133
vn 0.0000 -1.0000 0.0000
vn 0.0000 1.0000 0.0000
vn -0.7389 0.0000 -0.6738
vn -0.7389 -0.0000 -0.6738
vn 0.0000 -1.0000 0.0000
vn 0.0000 1.0000 0.0000
vn 0.5758 0.0000 -0.8176
vn 0.5758 0.0000 -0.8176
vn 0.0000 -1.0000 0.0000
vn 0.0000 1.0000 0.0000
vn 0.5891 0.0000 -0.8081
vn 0.5891 0.0000 -0.8081
vn 0.0000 -1.0000 0.0000
vn 0.0000 1.0000 0.0000
vn 0.6023 0.0000 -0.7983
vn 0.6023 0.0000 -0.7983
vn 0.0000 -1.0000 0.0000
vn 0.0000 1.0000 0.0000
vn 0.6152 0.0000 -0.7883
vn 0.6152 0.0000 -0.7883
vn 0.0000 -1.0000 0.0000
vn 0.0000 1.0000 0.0000
vn 0.6280 0.0000 -0.7782
vn 0.6280 0.0000 -0.7782
vn 0.0000 -1.0000 0.0000
vn 0.0000 1.0000 0.0000
vn 0.6407 0.0000 -0.7678
vn 0.6407 0.0000 -0.7678
vn 0.0000 -1.0000 0.0000
vn 0.0000 1.0000 0.0000
vn 0.8421 0.0000 0.5393
vn 0.8421 0.0000 0.5393
vn 0.0000 -1.0000 0.0000
vn 0.0000 1.0000 0.0000
vn 0.8704 0.0000 0.4923
vn 0.8704 0.0000 0.4923
vn 0.0000 -1.0000 0.0000
vn 0.0000 1.0000 0.0000
vn 0.6776 0.0000 -0.7354
vn 0.6776 0.0000 -0.7354
vn 0.0000 -1.0000 0.0000
vn 0.0000 1.0000 0.0000
vn 0.6895 0.0000 -0.7242
vn 0.6895 0.0000 -0.7242
vn 0.0000 -1.0000 0.0000
vn 0.0000 1.0000 0.0000
vn 0.7013 0.0000 -0.7129
vn 0.7013 0.0000 -0.7129
vn 0.0000 -1.0000 0.0000
vn 0.0000 1.0000 0.0000
vn 0.7129 0.0000 -0.7013
vn 0.7129 0.0000 -0.7013
vn 0.0000 -1.0000 0.0000
vn 0.0000 1.0000 0.0000
vn 0.7242 0.0000 -0.6895
vn 0.7242 0.0000 -0.6895
vn 0.0000 -1.0000 0.0000
vn 0.0000 1.0000 0.0000
vn 0.7354 0.0000 -0.6776
vn 0.7354 0.0000 -0.6776
vn 0.0000 -1.0000 0.0000
vn 0.0000 1.0000 0.0000
vn -0.4923 0.0000 -0.8704
vn -0.4923 -0.0000 -0.8704
vn 0.0000 -1.0000 0.0000
vn 0.0000 1.0000 0.0000
vn -0.5393 0.0000 -0.8421
vn -0.5393 -0.0000 -0.8421
vn 0.0000 -1.0000 0.0000
vn 0.0000 1.0000 0.0000
vn 0.7678 0.0000 -0.6407
vn 0.7678 0.0000 -0.6407
vn 0.0000 -1.0000 0.0000
vn 0.0000 1.0000 0.0000
vn 0.7782 0.0000 -0.6280
vn 0.7782 0.0000 -0.6280
vn 0.0000 -1.0000 0.0000
vn 0.0000 1.0000 0.0000
vn 0.7883 0.0000 -0.6152
vn 0.7883 0.0000 -0.6152
vn 0.0000 -1.0000 0.0000
vn 0.0000 1.0000 0.0000
vn 0.7983 0.0000 -0.6023
vn 0.7983 0.0000 -0.6023
vn 0.0000 -1.0000 0.0000
vn 0.0000 1.0000 0.0000
vn 0.8081 0.0000 -0.5891
vn 0.8081 0.0000 -0.5891
vn 0.0000 -1.0000 0.0000
vn 0.0000 1.0000 0.0000
vn 0.8176 0.0000 -0.5758
vn 0.8176 0.0000 -0.5758
vn 0.0000 -1.0000 0.0000
vn 0.0000 1.0000 0.0000
vn 0.6738 0.0000 0.7389
vn 0.6738 0.0000 0.7389
vn 0.0000 -1.0000 0.0000
vn 0.0000 1.0000 0.0000
vn 0.7133 0.0000 0.7008
vn 0.7133 0.0000 0.7008
vn 0.0000 -1.0000 0.0000
vn 0.0000 1.0000 0.0000
vn 0.8449 0.0000 -0.5350
vn 0.8449 0.0000 -0.5350
vn 0.0000 -1.0000 0.0000
vn 0.0000 1.0000 0.0000
vn 0.8535 0.0000 -0.5211
vn 0.8535 0.0000 -0.5211
vn 0.0000 -1.0000 0.0000
vn 0.0000 1.0000 0.0000
vn 0.8619 0.0000 -0.5071
vn 0.8619 0.0000 -0.5071
vn 0.0000 -1.0000 0.0000
vn 0.0000 1.0000 0.0000
vn 0.8701 0.0000 -0.4929
vn 0.8701 0.0000 -0.4929
vn 0.0000 -1.0000 0.0000
vn 0.0000 1.0000 0.0000
vn 0.8780 0.0000 -0.4786
vn 0.8780 0.0000 -0.4786
vn 0.0000 -1.0000 0.0000
vn 0.0000 1.0000 0.0000
vn 0.8857 0.0000 -0.4642
vn 0.8857 0.0000 -0.4642
vn 0.0000 -1.0000 0.0000
vn 0.0000 1.0000 0.0000
vn -0.2503 0.0000 -0.9682
vn -0.2503 -0.0000 -0.9682
vn 0.0000 -1.0000 0.0000
vn 0.0000 1.0000 0.0000
vn -0.3030 0.0000 -0.9530
vn -0.3030 -0.0000 -0.9530
vn 0.0000 -1.0000 0.0000
vn 0.0000 1.0000 0.0000
vn 0.9075 0.0000 -0.4201
vn 0.9075 0.0000 -0.4201
vn 0.0000 -1.0000 0.0000
vn 0.0000 1.0000 0.0000
vn 0.9142 0.0000 -0.4052
vn 0.9142 0.0000 -0.4052
vn 0.0000 -1.0000 0.0000
vn 0.0000 1.0000 0.0000
vn 0.9207 0.0000 -0.3902
vn 0.9207 0.0000 -0.3902
vn 0.0000 -1.0000 0.0000
vn 0.0000 1.0000 0.0000
vn 0.9270 0.0000 -0.3751
vn 0.9270 0.0000 -0.3751
vn 0.0000 -1.0000 0.0000
vn 0.0000 1.0000 0.0000
vn 0.9330 0.0000 -0.3599
vn 0.9330 0.0000 -0.3599
vn 0.0000 -1.0000 0.0000
vn 0.0000 1.0000 0.0000
vn 0.9388 0.0000 -0.3446
vn 0.9388 0.0000 -0.3446
vn 0.0000 -1.0000 0.0000
vn 0.0000 1.0000 0.0000
vn 0.4596 0.0000 0.8881
vn 0.4596 0.0000 0.8881
vn 0.0000 -1.0000 0.0000
vn 0.0000 1.0000 0.0000
vn 0.5076 0.0000 0.8616
vn 0.5076 0.0000 0.8616
vn 0.0000 -1.0000 0.0000
vn 0.0000 1.0000 0.0000
vn 0.9545 0.0000 -0.2981
vn 0.9545 0.0000 -0.2981
vn 0.0000 -1.0000 0.0000
vn 0.0000 1.0000 0.0000
vn 0.9593 0.0000 -0.2824
vn 0.9593 0.0000 -0.2824
vn 0.0000 -1.0000 0.0000
vn 0.0000 1.0000 0.0000
vn 0.9638 0.0000 -0.2667
vn 0.9638 0.0000 -0.2667
vn 0.0000 -1.0000 0.0000
vn 0.0000 1.0000 0.0000
vn 0.9680 0.0000 -0.2509
vn 0.9680 0.0000 -0.2509
vn 0.0000 -1.0000 0.0000
vn 0.0000 1.0000 0.0000
vn 0.9720 0.0000 -0.2350
vn 0.9720 0.0000 -0.2350
vn 0.0000 -1.0000 0.0000
vn 0.0000 1.0000 0.0000
vn 0.9757 0.0000 -0.2191
vn 0.9757 0.0000 -0.2191
vn 0.0000 -1.0000 0.0000
vn 0.0000 1.0000 0.0000
vn 0.0088 0.0000 -1.0000
vn 0.0088 0.0000 -1.0000
vn 0.0000 -1.0000 0.0000
vn 0.0000 1.0000 0.0000
vn -0.0460 0.0000 -0.9989
vn -0.0460 -0.0000 -0.9989
vn 0.0000 -1.0000 0.0000
vn 0.0000 1.0000 0.0000
vn 0.9853 0.0000 -0.1710
vn 0.9853 0.0000 -0.1710
vn 0.0000 -1.0000 0.0000
vn 0.0000 1.0000 0.0000
vn 0.9879 0.0000 -0.1548
vn 0.9879 0.0000 -0.1548
vn 0.0000 -1.0000 0.0000
vn 0.0000 1.0000 0.0000
vn 0.9903 0.0000 -0.1386
vn 0.9903 0.0000 -0.1386
vn 0.0000 -1.0000 0.0000
vn 0.0000 1.0000 0.0000
vn 0.9925 0.0000 -0.1224
vn 0.9925 0.0000 -0.1224
vn 0.0000 -1.0000 0.0000
vn 0.0000 1.0000 0.0000
vn 0.9943 0.0000 -0.1062
vn 0.9943 0.0000 -0.1062
vn 0.0000 -1.0000 0.0000
vn 0.0000 1.0000 0.0000
vn 0.9960 0.0000 -0.0899
vn 0.9960 0.0000 -0.0899
vn 0.0000 -1.0000 0.0000
vn 0.0000 1.0000 0.0000
vn 0.2141 0.0000 0.9768
vn 0.2141 0.0000 0.9768
vn 0.0000 -1.0000 0.0000
vn 0.0000 1.0000 0.0000
vn 0.2673 0.0000 0.9636
vn 0.2673 0.0000 0.9636
vn 0.0000 -1.0000 0.0000
vn 0.0000 1.0000 0.0000
vn 0.9992 0.0000 -0.0409
vn 0.9992 0.0000 -0.0409
vn 0.0000 -1.0000 0.0000
vn 0.0000 1.0000 0.0000
vn 0.9997 0.0000 -0.0245
vn 0.9997 0.0000 -0.0245
vn 0.0000 -1.0000 0.0000
vn -0.0000 1.0000 0.0000
vn 1.0000 0.0000 -0.0082
vn 1.0000 0.0000 -0.0082
vn 0.0000 -1.0000 0.0000
vn 0.9914 0.0000 0.1305
vn 0.9914 0.0000 0.1305
vn 0.0000 -1.0000 0.0000
vn 0.9239 0.0000 0.3827
vn 0.9239 0.0000 0.3827
vn 0.0000 -1.0000 0.0000
vn 0.7934 0.0000 0.6088
vn 0.7934 0.0000 0.6088
vn 0.0000 -1.0000 0.0000
vn 0.6088 0.0000 0.7934
vn 0.6088 0.0000 0.7934
vn 0.0000 -1.0000 0.0000
vn 0.3827 0.0000 0.9239
vn 0.3827 0.0000 0.9239
vn 0.0000 -1.0000 0.0000
vn 0.1305 0.0000 0.9914
vn 0.1305 0.0000 0.9914
vn 0.0000 -1.0000 0.0000
vn -0.1305 0.0000 0.9914
vn -0.1305 0.0000 0.9914
vn 0.0000 -1.0000 0.0000
vn -0.3827 0.0000 0.9239
vn -0.3827 0.0000 0.9239
vn 0.0000 -1.0000 0.0000
vn -0.6088 0.0000 0.7934
vn -0.6088 0.0000 0.7934
vn 0.0000 -1.0000 0.0000
vn -0.7934 0.0000 0.6088
vn -0.7934 0.0000 0.6088
vn 0.0000 -1.0000 0.0000
vn -0.9239 0.0000 0.3827
vn -0.9239 0.0000 0.3827
vn 0.0000 -1.0000 0.0000
vn -0.9914 0.0000 0.1305
vn -0.9914 0.0000 0.1305
vn -0.0000 -1.0000 0.0000
vn -0.9914 0.0000 -0.1305
vn -0.9914 -0.0000 -0.1305
vn 0.0000 -1.0000 0.0000
vn -0.9239 0.0000 -0.3827
vn -0.9239 -0.0000 -0.3827
vn 0.0000 -1.0000 0.0000
vn -0.7934 0.0000 -0.6088
vn -0.7934 -0.0000 -0.6088
vn 0.0000 -1.0000 0.0000
vn -0.6088 0.0000 -0.7934
vn -0.6088 -0.0000 -0.7934
vn 0.0000 -1.0000 0.0000
vn -0.3827 0.0000 -0.9239
vn -0.3827 -0.0000 -0.9239
vn 0.0000 -1.0000 0.0000
vn -0.1305 0.0000 -0.9914
vn -0.1305 -0.0000 -0.9914
vn 0.0000 -1.0000 -0.0000
vn 0.1305 0.0000 -0.9914
vn 0.1305 0.0000 -0.9914
vn 0.0000 -1.0000 0.0000
vn 0.3827 0.0000 -0.9239
vn 0.3827 0.0000 -0.9239
vn 0.0000 -1.0000 0.0000
vn 0.6088 0.0000 -0.7934
vn 0.6088 0.0000 -0.7934
vn 0.0000 -1.0000 0.0000
vn 0.7934 0.0000 -0.6088
vn 0.7934 0.0000 -0.6088
vn 0.0000 -1.0000 0.0000
vn 0.9239 0.0000 -0.3827
vn 0.9239 0.0000 -0.3827
vn 0.0000 -1.0000 0.0000
vn 0.9914 0.0000 -0.1305
vn 0.9914 0.0000 -0.1305
f 769//1 1//1 2//1
f 770//2 386//2 385//2
f 385//3 386//3 2//3
f 385//4 2//4 1//4
f 769//5 2//5 3//5
f 770//6 387//6 386//6
f 386//7 387//7 3//7
f 386//8 3//8 2//8
f 769//9 3//9 4//9
f 770//10 388//10 387//10
f 387//11 388//11 4//11
f 387//12 4//12 3//12
f 769//13 4//13 5//13
f 770//14 389//14 388//14
f 388//15 389//15 5//15
f 388//16 5//16 4//16
f 769//17 5//17 6//17
f 770//18 390//18 389//18
f 389//19 390//19 6//19
f 389//20 6//20 5//20
f 769//21 6//21 7//21
f 770//22 391//22 390//22
f 390//23 391//23 7//23
f 390//24 7//24 6//24
f 769//25 7//25 8//25
f 770//26 392//26 391//26
f 391//27 392//27 8//27
f 391//28 8//28 7//28
f 769//29 8//29 9//29
f 770//30 393//30 392//30
f 392//31 393//31 9//31
f 392//32 9//32 8//32
f 769//33 9//33 10//33
f 770//34 394//34 393//34
f 393//35 394//35 10//35
f 393//36 10//36 9//36
f 769//37 10//37 11//37
f 770//38 395//38 394//38
f 394//39 395//39 11//39
f 394//40 11//40 10//40
f 769//41 11//41 12//41
f 770//42 396//42 395//42
f 395//43 396//43 12//43
f 395//44 12//44 11//44
f 769//45 12//45 13//45
f 770//46 397//46 396//46
f 396//47 397//47 13//47
f 396//48 13//48 12//48
f 769//49 13//49 14//49
f 770//50 398//50 397//50
f 397//51 398//51 14//51
f 397//52 14//52 13//52
f 769//53 14//53 15//53
f 770//54 399//54 398//54
f 398//55 399//55 15//55
f 398//56 15//56 14//56
f 769//57 15//57 16//57
f 770//58 400//58 399//58
f 399//59 400//59 16//59
f 399//60 16//60 15//60
f 769//61 16//61 17//61
f 770//62 401//62 400//62
f 400//63 401//63 17//63
f 400//64 17//64 16//64
f 769//65 17//65 18//65
f 770//66 402//66 401//66
f 401//67 402//67 18//67
f 401//68 18//68 17//68
f 769//69 18//69 19//69
f 770//70 403//70 402//70
f 402//71 403//71 19//71
f 402//72 19//72 18//72
f 769//73 19//73 20//73
f 770//74 404//74 403//74
f 403//75 404//75 20//75
f 403//76 20//76 19//76
f 769//77 20//77 21//77
f 770//78 405//78 404//78
f 404//79 405//79 21//79
f 404//80 21//80 20//80
f 769//81 21//81 22//81
f 770//82 406//82 405//82
f 405//83 406//83 22//83
f 405//84 22//84 21//84
f 769//85 22//85 23//85
f 770//86 407//86 406//86
f 406//87 407//87 23//87
f 406//88 23//88 22//88
f 769//89 23//89 24//89
f 770//90 408//90 407//90
f 407//91 408//91 24//91
f 407//92 24//92 23//92
f 769//93 24//93 25//93
f 770//94 409//94 408//94
f 408//95 409//95 25//95
f 408//96 25//96 24//96
f 769//97 25//97 26//97
f 770//98 410//98 409//98
f 409//99 410//99 26//99
f 409//100 26//100 25//100
f 769//101 26//101 27//101
f 770//102 411//102 410//102
f 410//103 411//103 27//103
f 410//104 27//104 26//104
f 769//105 27//105 28//105
f 770//106 412//106 411//106
f 411//107 412//107 28//107
f 411//108 28//108 27//108
f 769//109 28//109 29//109
f 770//110 413//110 412//110
f 412//111 413//111 29//111
f 412//112 29//112 28//112
f 769//113 29//113 30//113
f 770//114 414//114 413//114
f 413//115 414//115 30//115
f 413//116 30//116 29//116
f 769//117 30//117 31//117
f 770//118 415//118 414//118
f 414//119 415//119 31//119
f 414//120 31//120 30//120
f 769//121 31//121 32//121
f 770//122 416//122 415//122
f 415//123 416//123 32//123
f 415//124 32//124 31//124
f 769//125 32//125 33//125
f 770//126 417//126 416//126
f 416//127 417//127 33//127
f 416//128 33//128 32//128
f 769//129 33//129 34//129
f 770//130 418//130 417//130
f 417//131 418//131 34//131
f 417//132 34//132 33//132
f 769//133 34//133 35//133
f 770//134 419//134 418//134
f 418//135 419//135 35//135
f 418//136 35//136 34//136
f 769//137 35//137 36//137
f 770//138 420//138 419//138
f 419//139 420//139 36//139
f 419//140 36//140 35//140
f 769//141 36//141 37//141
f 770//142 421//142 420//142
f 420//143 421//143 37//143
f 420//144 37//144 36//144
f 769//145 37//145 38//145
f 770//146 422//146 421//146
f 421//147 422//147 38//147
f 421//148 38//148 37//148
f 769//149 38//149 39//149
f 770//150 423//150 422//150
f 422//151 423//151 39//151
f 422//152 39//152 38//152
f 769//153 39//153 40//153
f 770//154 424//154 423//154
f 423//155 424//155 40//155
f 423//156 40//156 39//156
f 769//157 40//157 41//157
f 770//158 425//158 424//158
f 424//159 425//159 41//159
f 424//160 41//160 40//160
f 769//161 41//161 42//161
f 770//162 426//162 425//162
f 425//163 426//163 42//163
f 425//164 42//164 41//164
f 769//165 42//165 43//165
f 770//166 427//166 426//166
f 426//167 427//167 43//167
f 426//168 43//168 42//168
f 769//169 43//169 44//169
f 770//170 428//170 427//170
f 427//171 428//171 44//171
f 427//172 44//172 43//172
f 769//173 44//173 45//173
f 770//174 429//174 428//174
f 428//175 429//175 45//175
f 428//176 45//176 44//176
f 769//177 45//177 46//177
f 770//178 430//178 429//178
f 429//179 430//179 46//179
f 429//180 46//180 45//180
f 769//181 46//181 47//181
f 770//182 431//182 430//182
f 430//183 431//183 47//183
f 430//184 47//184 46//184
f 769//185 47//185 48//185
f 770//186 432//186 431//186
f 431//187 432//187 48//187
f 431//188 48//188 47//188
f 769//189 48//189 49//189
f 770//190 433//190 432//190
f 432//191 433//191 49//191
f 432//192 49//192 48//192
f 769//193 49//193 50//193
f 770//194 434//194 433//194
f 433//195 434//195 50//195
f 433//196 50//196 49//196
f 769//197 50//197 51//197
f 770//198 435//198 434//198
f 434//199 435//199 51//199
f 434//200 51//200 50//200
f 769//201 51//201 52//201
f 770//202 436//202 435//202
f 435//203 436//203 52//203
f 435//204 52//204 51//204
f 769//205 52//205 53//205
f 770//206 437//206 436//206
f 436//207 437//207 53//207
f 436//208 53//208 52//208
f 769//209 53//209 54//209
f 770//210 438//210 437//210
f 437//211 438//211 54//211
f 437//212 54//212 53//212
f 769//213 54//213 55//213
f 770//214 439//214 438//214
f 438//215 439//215 55//215
f 438//216 55//216 54//216
f 769//217 55//217 56//217
f 770//218 440//218 439//218
f 439//219 440//219 56//219
f 439//220 56//220 55//220
f 769//221 56//221 57//221
f 770//222 441//222 440//222
f 440//223 441//223 57//223
f 440//224 57//224 56//224
f 769//225 57//225 58//225
f 770//226 442//226 441//226
f 441//227 442//227 58//227
f 441//228 58//228 57//228
f 769//229 58//229 59//229
f 770//230 443//230 442//230
f 442//231 443//231 59//231
f 442//232 59//232 58//232
f 769//233 59//233 60//233
f 770//234 444//234 443//234
f 443//235 444//235 60//235
f 443//236 60//236 59//236
f 769//237 60//237 61//237
f 770//238 445//238 444//238
f 444//239 445//239 61//239
f 444//240 61//240 60//240
f 769//241 61//241 62//241
f 770//242 446//242 445//242
f 445//243 446//243 62//243
f 445//244 62//244 61//244
f 769//245 62//245 63//245
f 770//246 447//246 446//246
f 446//247 447//247 63//247
f 446//248 63//248 62//248
f 769//249 63//249 64//249
f 770//250 448//250 447//250
f 447//251 448//251 64//251
f 447//252 64//252 63//252
f 769//253 64//253 65//253
f 770//254 449//254 448//254
f 448//255 449//255 65//255
f 448//256 65//256 64//256
f 769//257 65//257 66//257
f 770//258 450//258 449//258
f 449//259 450//259 66//259
f 449//260 66//260 65//260
f 769//261 66//261 67//261
f 770//262 451//262 450//262
f 450//263 451//263 67//263
f 450//264 67//264 66//264
f 769//265 67//265 68//265
f 770//266 452//266 451//266
f 451//267 452//267 68//267
f 451//268 68//268 67//268
f 769//269 68//269 69//269
f 770//270 453//270 452//270
f 452//271 453//271 69//271
f 452//272 69//272 68//272
f 769//273 69//273 70//273
f 770//274 454//274 453//274
f 453//275 454//275 70//275
f 453//276 70//276 69//276
f 769//277 70//277 71//277
f 770//278 455//278 454//278
f 454//279 455//279 71//279
f 454//280 71//280 70//280
f 769//281 71//281 72//281
f 770//282 456//282 455//282
f 455//283 456//283 72//283
f 455//284 72//284 71//284
f 769//285 72//285 73//285
f 770//286 457//286 456//286
f 456//287 457//287 73//287
f 456//288 73//288 72//288
f 769//289 73//289 74//289
f 770//290 458//290 457//290
f 457//291 458//291 74//291
f 457//292 74//292 73//292
f 769//293 74//293 75//293
f 770//294 459//294 458//294
f 458//295 459//295 75//295
f 458//296 75//296 74//296
f 769//297 75//297 76//297
f 770//298 460//298 459//298
f 459//299 460//299 76//299
f 459//300 76//300 75//300
f 769//301 76//301 77//301
f 770//302 461//302 460//302
f 460//303 461//303 77//303
f 460//304 77//304 76//304
f 769//305 77//305 78//305
f 770//306 462//306 461//306
f 461//307 462//307 78//307
f 461//308 78//308 77//308
f 769//309 78//309 79//309
f 770//310 463//310 462//310
f 462//311 463//311 79//311
f 462//312 79//312 78//312
f 769//313 79//313 80//313
f 770//314 464//314 463//314
f 463//315 464//315 80//315
f 463//316 80//316 79//316
f 769//317 80//317 81//317
f 770//318 465//318 464//318
f 464//319 465//319 81//319
f 464//320 81//320 80//320
f 769//321 81//321 82//321
f 770//322 466//322 465//322
f 465//323 466//323 82//323
f 465//324 82//324 81//324
f 769//325 82//325 83//325
f 770//326 467//326 466//326
f 466//327 467//327 83//327
f 466//328 83//328 82//328
f 769//329 83//329 84//329
f 770//330 468//330 467//330
f 467//331 468//331 84//331
f 467//332 84//332 83//332
f 769//333 84//333 85//333
f 770//334 469//334 468//334
f 468//335 469//335 85//335
f 468//336 85//336 84//336
f 769//337 85//337 86//337
f 770//338 470//338 469//338
f 469//339 470//339 86//339
f 469//340 86//340 85//340
f 769//341 86//341 87//341
f 770//342 471//342 470//342
f 470//343 471//343 87//343
f 470//344 87//344 86//344
f 769//345 87//345 88//345
f 770//346 472//346 471//346
f 471//347 472//347 88//347
f 471//348 88//348 87//348
f 769//349 88//349 89//349
f 770//350 473//350 472//350
f 472//351 473//351 89//351
f 472//352 89//352 88//352
f 769//353 89//353 90//353
f 770//354 474//354 473//354
f 473//355 474//355 90//355
f 473//356 90//356 89//356
f 769//357 90//357 91//357
f 770//358 475//358 474//358
f 474//359 475//359 91//359
f 474//360 91//360 90//360
f 769//361 91//361 92//361
f 770//362 476//362 475//362
f 475//363 476//363 92//363
f 475//364 92//364 91//364
f 769//365 92//365 93//365
f 770//366 477//366 476//366
f 476//367 477//367 93//367
f 476//368 93//368 92//368
f 769//369 93//369 94//369
f 770//370 478//370 477//370
f 477//371 478//371 94//371
f 477//372 94//372 93//372
f 769//373 94//373 95//373
f 770//374 479//374 478//374
f 478//375 479//375 95//375
f 478//376 95//376 94//376
f 769//377 95//377 96//377
f 770//378 480//378 479//378
f 479//379 480//379 96//379
f 479//380 96//380 95//380
f 769//381 96//381 97//381
f 770//382 481//382 480//382
f 480//383 481//383 97//383
f 480//384 97//384 96//384
f 769//385 97//385 98//385
f 770//386 482//386 481//386
f 481//387 482//387 98//387
f 481//388 98//388 97//388
f 769//389 98//389 99//389
f 770//390 483//390 482//390
f 482//391 483//391 99//391
f 482//392 99//392 98//392
f 769//393 99//393 100//393
f 770//394 484//394 483//394
f 483//395 484//395 100//395
f 483//396 100//396 99//396
f 769//397 100//397 101//397
f 770//398 485//398 484//398
f 484//399 485//399 101//399
f 484//400 101//400 100//400
f 769//401 101//401 102//401
f 770//402 486//402 485//402
f 485//403 486//403 102//403
f 485//404 102//404 101//404
f 769//405 102//405 103//405
f 770//406 487//406 486//406
f 486//407 487//407 103//407
f 486//408 103//408 102//408
f 769//409 103//409 104//409
f 770//410 488//410 487//410
f 487//411 488//411 104//411
f 487//412 104//412 103//412
f 769//413 104//413 105//413
f 770//414 489//414 488//414
f 488//415 489//415 105//415
f 488//416 105//416 104//416
f 769//417 105//417 106//417
f 770//418 490//418 489//418
f 489//419 490//419 106//419
f 489//420 106//420 105//420
f 769//421 106//421 107//421
f 770//422 491//422 490//422
f 490//423 491//423 107//423
f 490//424 107//424 106//424
f 769//425 107//425 108//425
f 770//426 492//426 491//426
f 491//427 492//427 108//427
f 491//428 108//428 107//428
f 769//429 108//429 109//429
f 770//430 493//430 492//430
f 492//431 493//431 109//431
f 492//432 109//432 108//432
f 769//433 109//433 110//433
f 770//434 494//434 493//434
f 493//435 494//435 110//435
f 493//436 110//436 109//436
f 769//437 110//437 111//437
f 770//438 495//438 494//438
f 494//439 495//439 111//439
f 494//440 111//440 110//440
f 769//441 111//441 112//441
f 770//442 496//442 495//442
f 495//443 496//443 112//443
f 495//444 112//444 111//444
f 769//445 112//445 113//445
f 770//446 497//446 496//446
f 496//447 497//447 113//447
f 496//448 113//448 112//448
f 769//449 113//449 114//449
f 770//450 498//450 497//450
f 497//451 498//451 114//451
f 497//452 114//452 113//452
f 769//453 114//453 115//453
f 770//454 499//454 498//454
f 498//455 499//455 115//455
f 498//456 115//456 114//456
f 769//457 115//457 116//457
f 770//458 500//458 499//458
f 499//459 500//459 116//459
f 499//460 116//460 115//460
f 769//461 116//461 117//461
f 770//462 501//462 500//462
f 500//463 501//463 117//463
f 500//464 117//464 116//464
f 769//465 117//465 118//465
f 770//466 502//466 501//466
f 501//467 502//467 118//467
f 501//468 118//468 117//468
f 769//469 118//469 119//469
f 770//470 503//470 502//470
f 502//471 503//471 119//471
f 502//472 119//472 118//472
f 769//473 119//473 120//473
f 770//474 504//474 503//474
f 503//475 504//475 120//475
f 503//476 120//476 119//476
f 769//477 120//477 121//477
f 770//478 505//478 504//478
f 504//479 505//479 121//479
f 504//480 121//480 120//480
f 769//481 121//481 122//481
f 770//482 506//482 505//482
f 505//483 506//483 122//483
f 505//484 122//484 121//484
f 769//485 122//485 123//485
f 770//486 507//486 506//486
f 506//487 507//487 123//487
f 506//488 123//488 122//488
f 769//489 123//489 124//489
f 770//490 508//490 507//490
f 507//491 508//491 124//491
f 507//492 124//492 123//492
f 769//493 124//493 125//493
f 770//494 509//494 508//494
f 508//495 509//495 125//495
f 508//496 125//496 124//496
f 769//497 125//497 126//497
f 770//498 510//498 509//498
f 509//499 510//499 126//499
f 509//500 126//500 125//500
f 769//501 126//501 127//501
f 770//502 511//502 510//502
f 510//503 511//503 127//503
f 510//504 127//504 126//504
f 769//505 127//505 128//505
f 770//506 512//506 511//506
f 511//507 512//507 128//507
f 511//508 128//508 127//508
f 769//509 128//509 129//509
f 770//510 513//510 512//510
f 512//511 513//511 129//511
f 512//512 129//512 128//512
f 769//513 129//513 130//513
f 770//514 514//514 513//514
f 513//515 514//515 130//515
f 513//516 130//516 129//516
f 769//517 130//517 131//517
f 770//518 515//518 514//518
f 514//519 515//519 131//519
f 514//520 131//520 130//520
f 769//521 131//521 132//521
f 770//522 516//522 515//522
f 515//523 516//523 132//523
f 515//524 132//524 131//524
f 769//525 132//525 133//525
f 770//526 517//526 516//526
f 516//527 517//527 133//527
f 516//528 133//528 132//528
f 769//529 133//529 134//529
f 770//530 518//530 517//530
f 517//531 518//531 134//531
f 517//532 134//532 133//532
f 769//533 134//533 135//533
f 770//534 519//534 518//534
f 518//535 519//535 135//535
f 518//536 135//536 134//536
f 769//537 135//537 136//537
f 770//538 520//538 519//538
f 519//539 520//539 136//539
f 519//540 136//540 135//540
f 769//541 136//541 137//541
f 770//542 521//542 520//542
f 520//543 521//543 137//543
f 520//544 137//544 136//544
f 769//545 137//545 138//545
f 770//546 522//546 521//546
f 521//547 522//547 138//547
f 521//548 138//548 137//548
f 769//549 138//549 139//549
f 770//550 523//550 522//550
f 522//551 523//551 139//551
f 522//552 139//552 138//552
f 769//553 139//553 140//553
f 770//554 524//554 523//554
f 523//555 524//555 140//555
f 523//556 140//556 139//556
f 769//557 140//557 141//557
f 770//558 525//558 524//558
f 524//559 525//559 141//559
f 524//560 141//560 140//560
f 769//561 141//561 142//561
f 770//562 526//562 525//562
f 525//563 526//563 142//563
f 525//564 142//564 141//564
f 769//565 142//565 143//565
f 770//566 527//566 526//566
f 526//567 527//567 143//567
f 526//568 143//568 142//568
f 769//569 143//569 144//569
f 770//570 528//570 527//570
f 527//571 528//571 144//571
f 527//572 144//572 143//572
f 769//573 144//573 145//573
f 770//574 529//574 528//574
f 528//575 529//575 145//575
f 528//576 145//576 144//576
f 769//577 145//577 146//577
f 770//578 530//578 529//578
f 529//579 530//579 146//579
f 529//580 146//580 145//580
f 769//581 146//581 147//581
f 770//582 531//582 530//582
f 530//583 531//583 147//583
f 530//584 147//584 146//584
f 769//585 147//585 148//585
f 770//586 532//586 531//586
f 531//587 532//587 148//587
f 531//588 148//588 147//588
f 769//589 148//589 149//589
f 770//590 533//590 532//590
f 532//591 533//591 149//591
f 532//592 149//592 148//592
f 769//593 149//593 150//593
f 770//594 534//594 533//594
f 533//595 534//595 150//595
f 533//596 150//596 149//596
f 769//597 150//597 151//597
f 770//598 535//598 534//598
f 534//599 535//599 151//599
f 534//600 151//600 150//600
f 769//601 151//601 152//601
f 770//602 536//602 535//602
f 535//603 536//603 152//603
f 535//604 152//604 151//604
f 769//605 152//605 153//605
f 770//606 537//606 536//606
f 536//607 537//607 153//607
f 536//608 153//608 152//608
f 769//609 153//609 154//609
f 770//610 538//610 537//610
f 537//611 538//611 154//611
f 537//612 154//612 153//612
f 769//613 154//613 155//613
f 770//614 539//614 538//614
f 538//615 539//615 155//615
f 538//616 155//616 154//616
f 769//617 155//617 156//617
f 770//618 540//618 539//618
f 539//619 540//619 156//619
f 539//620 156//620 155//620
f 769//621 156//621 157//621
f 770//622 541//622 540//622
f 540//623 541//623 157//623
f 540//624 157//624 156//624
f 769//625 157//625 158//625
f 770//626 542//626 541//626
f 541//627 542//627 158//627
f 541//628 158//628 157//628
f 769//629 158//629 159//629
f 770//630 543//630 542//630
f 542//631 543//631 159//631
f 542//632 159//632 158//632
f 769//633 159//633 160//633
f 770//634 544//634 543//634
f 543//635 544//635 160//635
f 543//636 160//636 159//636
f 769//637 160//637 161//637
f 770//638 545//638 544//638
f 544//639 545//639 161//639
f 544//640 161//640 160//640
f 769//641 161//641 162//641
f 770//642 546//642 545//642
f 545//643 546//643 162//643
f 545//644 162//644 161//644
f 769//645 162//645 163//645
f 770//646 547//646 546//646
f 546//647 547//647 163//647
f 546//648 163//648 162//648
f 769//649 163//649 164//649
f 770//650 548//650 547//650
f 547//651 548//651 164//651
f 547//652 164//652 163//652
f 769//653 164//653 165//653
f 770//654 549//654 548//654
f 548//655 549//655 165//655
f 548//656 165//656 164//656
f 769//657 165//657 166//657
f 770//658 550//658 549//658
f 549//659 550//659 166//659
f 549//660 166//660 165//660
f 769//661 166//661 167//661
f 770//662 551//662 550//662
f 550//663 551//663 167//663
f 550//664 167//664 166//664
f 769//665 167//665 168//665
f 770//666 552//666 551//666
f 551//667 552//667 168//667
f 551//668 168//668 167//668
f 769//669 168//669 169//669
f 770//670 553//670 552//670
f 552//671 553//671 169//671
f 552//672 169//672 168//672
f 769//673 169//673 170//673
f 770//674 554//674 553//674
f 553//675 554//675 170//675
f 553//676 170//676 169//676
f 769//677 170//677 171//677
f 770//678 555//678 554//678
f 554//679 555//679 171//679
f 554//680 171//680 170//680
f 769//681 171//681 172//681
f 770//682 556//682 555//682
f 555//683 556//683 172//683
f 555//684 172//684 171//684
f 769//685 172//685 173//685
f 770//686 557//686 556//686
f 556//687 557//687 173//687
f 556//688 173//688 172//688
f 769//689 173//689 174//689
f 770//690 558//690 557//690
f 557//691 558//691 174//691
f 557//692 174//692 173//692
f 769//693 174//693 175//693
f 770//694 559//694 558//694
f 558//695 559//695 175//695
f 558//696 175//696 174//696
f 769//697 175//697 176//697
f 770//698 560//698 559//698
f 559//699 560//699 176//699
f 559//700 176//700 175//700
f 769//701 176//701 177//701
f 770//702 561//702 560//702
f 560//703 561//703 177//703
f 560//704 177//704 176//704
f 769//705 177//705 178//705
f 770//706 562//706 561//706
f 561//707 562//707 178//707
f 561//708 178//708 177//708
f 769//709 178//709 179//709
f 770//710 563//710 562//710
f 562//711 563//711 179//711
f 562//712 179//712 178//712
f 769//713 179//713 180//713
f 770//714 564//714 563//714
f 563//715 564//715 180//715
f 563//716 180//716 179//716
f 769//717 180//717 181//717
f 770//718 565//718 564//718
f 564//719 565//719 181//719
f 564//720 181//720 180//720
f 769//721 181//721 182//721
f 770//722 566//722 565//722
f 565//723 566//723 182//723
f 565//724 182//724 181//724
f 769//725 182//725 183//725
f 770//726 567//726 566//726
f 566//727 567//727 183//727
f 566//728 183//728 182//728
f 769//729 183//729 184//729
f 770//730 568//730 567//730
f 567//731 568//731 184//731
f 567//732 184//732 183//732
f 769//733 184//733 185//733
f 770//734 569//734 568//734
f 568//735 569//735 185//735
f 568//736 185//736 184//736
f 769//737 185//737 186//737
f 770//738 570//738 569//738
f 569//739 570//739 186//739
f 569//740 186//740 185//740
f 769//741 186//741 187//741
f 770//742 571//742 570//742
f 570//743 571//743 187//743
f 570//744 187//744 186//744
f 769//745 187//745 188//745
f 770//746 572//746 571//746
f 571//747 572//747 188//747
f 571//748 188//748 187//748
f 769//749 188//749 189//749
f 770//750 573//750 572//750
f 572//751 573//751 189//751
f 572//752 189//752 188//752
f 769//753 189//753 190//753
f 770//754 574//754 573//754
f 573//755 574//755 190//755
f 573//756 190//756 189//756
f 769//757 190//757 191//757
f 770//758 575//758 574//758
f 574//759 575//759 191//759
f 574//760 191//760 190//760
f 769//761 191//761 192//761
f 770//762 576//762 575//762
f 575//763 576//763 192//763
f 575//764 192//764 191//764
f 769//765 192//765 193//765
f 770//766 577//766 576//766
f 576//767 577//767 193//767
f 576//768 193//768 192//768
f 769//769 193//769 194//769
f 770//770 578//770 577//770
f 577//771 578//771 194//771
f 577//772 194//772 193//772
f 769//773 194//773 195//773
f 770//774 579//774 578//774
f 578//775 579//775 195//775
f 578//776 195//776 194//776
f 769//777 195//777 196//777
f 770//778 580//778 579//778
f 579//779 580//779 196//779
f 579//780 196//780 195//780
f 769//781 196//781 197//781
f 770//782 581//782 580//782
f 580//783 581//783 197//783
f 580//784 197//784 196//784
f 769//785 197//785 198//785
f 770//786 582//786 581//786
f 581//787 582//787 198//787
f 581//788 198//788 197//788
f 769//789 198//789 199//789
f 770//790 583//790 582//790
f 582//791 583//791 199//791
f 582//792 199//792 198//792
f 769//793 199//793 200//793
f 770//794 584//794 583//794
f 583//795 584//795 200//795
f 583//796 200//796 199//796
f 769//797 200//797 201//797
f 770//798 585//798 584//798
f 584//799 585//799 201//799
f 584//800 201//800 200//800
f 769//801 201//801 202//801
f 770//802 586//802 585//802
f 585//803 586//803 202//803
f 585//804 202//804 201//804
f 769//805 202//805 203//805
f 770//806 587//806 586//806
f 586//807 587//807 203//807
f 586//808 203//808 202//808
f 769//809 203//809 204//809
f 770//810 588//810 587//810
f 587//811 588//811 204//811
f 587//812 204//812 203//812
f 769//813 204//813 205//813
f 770//814 589//814 588//814
f 588//815 589//815 205//815
f 588//816 205//816 204//816
f 769//817 205//817 206//817
f 770//818 590//818 589//818
f 589//819 590//819 206//819
f 589//820 206//820 205//820
f 769//821 206//821 207//821
f 770//822 591//822 590//822
f 590//823 591//823 207//823
f 590//824 207//824 206//824
f 769//825 207//825 208//825
f 770//826 592//826 591//826
f 591//827 592//827 208//827
f 591//828 208//828 207//828
f 769//829 208//829 209//829
f 770//830 593//830 592//830
f 592//831 593//831 209//831
f 592//832 209//832 208//832
f 769//833 209//833 210//833
f 770//834 594//834 593//834
f 593//835 594//835 210//835
f 593//836 210//836 209//836
f 769//837 210//837 211//837
f 770//838 595//838 594//838
f 594//839 595//839 211//839
f 594//840 211//840 210//840
f 769//841 211//841 212//841
f 770//842 596//842 595//842
f 595//843 596//843 212//843
f 595//844 212//844 211//844
f 769//845 212//845 213//845
f 770//846 597//846 596//846
f 596//847 597//847 213//847
f 596//848 213//848 212//848
f 769//849 213//849 214//849
f 770//850 598//850 597//850
f 597//851 598//851 214//851
f 597//852 214//852 213//852
f 769//853 214//853 215//853
f 770//854 599//854 598//854
f 598//855 599//855 215//855
f 598//856 215//856 214//856
f 769//857 215//857 216//857
f 770//858 600//858 599//858
f 599//859 600//859 216//859
f 599//860 216//860 215//860
f 769//861 216//861 217//861
f 770//862 601//862 600//862
f 600//863 601//863 217//863
f 600//864 217//864 216//864
f 769//865 217//865 218//865
f 770//866 602//866 601//866
f 601//867 602//867 218//867
f 601//868 218//868 217//868
f 769//869 218//869 219//869
f 770//870 603//870 602//870
f 602//871 603//871 219//871
f 602//872 219//872 218//872
f 769//873 219//873 220//873
f 770//874 604//874 603//874
f 603//875 604//875 220//875
f 603//876 220//876 219//876
f 769//877 220//877 221//877
f 770//878 605//878 604//878
f 604//879 605//879 221//879
f 604//880 221//880 220//880
f 769//881 221//881 222//881
f 770//882 606//882 605//882
f 605//883 606//883 222//883
f 605//884 222//884 221//884
f 769//885 222//885 223//885
f 770//886 607//886 606//886
f 606//887 607//887 223//887
f 606//888 223//888 222//888
f 769//889 223//889 224//889
f 770//890 608//890 607//890
f 607//891 608//891 224//891
f 607//892 224//892 223//892
f 769//893 224//893 225//893
f 770//894 609//894 608//894
f 608//895 609//895 225//895
f 608//896 225//896 224//896
f 769//897 225//897 226//897
f 770//898 610//898 609//898
f 609//899 610//899 226//899
f 609//900 226//900 225//900
f 769//901 226//901 227//901
f 770//902 611//902 610//902
f 610//903 611//903 227//903
f 610//904 227//904 226//904
f 769//905 227//905 228//905
f 770//906 612//906 611//906
f 611//907 612//907 228//907
f 611//908 228//908 227//908
f 769//909 228//909 229//909
f 770//910 613//910 612//910
f 612//911 613//911 229//911
f 612//912 229//912 228//912
f 769//913 229//913 230//913
f 770//914 614//914 613//914
f 613//915 614//915 230//915
f 613//916 230//916 229//916
f 769//917 230//917 231//917
f 770//918 615//918 614//918
f 614//919 615//919 231//919
f 614//920 231//920 230//920
f 769//921 231//921 232//921
f 770//922 616//922 615//922
f 615//923 616//923 232//923
f 615//924 232//924 231//924
f 769//925 232//925 233//925
f 770//926 617//926 616//926
f 616//927 617//927 233//927
f 616//928 233//928 232//928
f 769//929 233//929 234//929
f 770//930 618//930 617//930
f 617//931 618//931 234//931
f 617//932 234//932 233//932
f 769//933 234//933 235//933
f 770//934 619//934 618//934
f 618//935 619//935 235//935
f 618//936 235//936 234//936
f 769//937 235//937 236//937
f 770//938 620//938 619//938
f 619//939 620//939 236//939
f 619//940 236//940 235//940
f 769//941 236//941 237//941
f 770//942 621//942 620//942
f 620//943 621//943 237//943
f 620//944 237//944 236//944
f 769//945 237//945 238//945
f 770//946 622//946 621//946
f 621//947 622//947 238//947
f 621//948 238//948 237//948
f 769//949 238//949 239//949
f 770//950 623//950 622//950
f 622//951 623//951 239//951
f 622//952 239//952 238//952
f 769//953 239//953 240//953
f 770//954 624//954 623//954
f 623//955 624//955 240//955
f 623//956 240//956 239//956
f 769//957 240//957 241//957
f 770//958 625//958 624//958
f 624//959 625//959 241//959
f 624//960 241//960 240//960
f 769//961 241//961 242//961
f 770//962 626//962 625//962
f 625//963 626//963 242//963
f 625//964 242//964 241//964
f 769//965 242//965 243//965
f 770//966 627//966 626//966
f 626//967 627//967 243//967
f 626//968 243//968 242//968
f 769//969 243//969 244//969
f 770//970 628//970 627//970
f 627//971 628//971 244//971
f 627//972 244//972 243//972
f 769//973 244//973 245//973
f 770//974 629//974 628//974
f 628//975 629//975 245//975
f 628//976 245//976 244//976
f 769//977 245//977 246//977
f 770//978 630//978 629//978
f 629//979 630//979 246//979
f 629//980 246//980 245//980
f 769//981 246//981 247//981
f 770//982 631//982 630//982
f 630//983 631//983 247//983
f 630//984 247//984 246//984
f 769//985 247//985 248//985
f 770//986 632//986 631//986
f 631//987 632//987 248//987
f 631//988 248//988 247//988
f 769//989 248//989 249//989
f 770//990 633//990 632//990
f 632//991 633//991 249//991
f 632//992 249//992 248//992
f 769//993 249//993 250//993
f 770//994 634//994 633//994
f 633//995 634//995 250//995
f 633//996 250//996 249//996
f 769//997 250//997 251//997
f 770//998 635//998 634//998
f 634//999 635//999 251//999
f 634//1000 251//1000 250//1000
f 769//1001 251//1001 252//1001
f 770//1002 636//1002 635//1002
f 635//1003 636//1003 252//1003
f 635//1004 252//1004 251//1004
f 769//1005 252//1005 253//1005
f 770//1006 637//1006 636//1006
f 636//1007 637//1007 253//1007
f 636//1008 253//1008 252//1008
f 769//1009 253//1009 254//1009
f 770//1010 638//1010 637//1010
f 637//1011 638//1011 254//1011
f 637//1012 254//1012 253//1012
f 769//1013 254//1013 255//1013
f 770//1014 639//1014 638//1014
f 638//1015 639//1015 255//1015
f 638//1016 255//1016 254//1016
f 769//1017 255//1017 256//1017
f 770//1018 640//1018 639//1018
f 639//1019 640//1019 256//1019
f 639//1020 256//1020 255//1020
f 769//1021 256//1021 257//1021
f 770//1022 641//1022 640//1022
f 640//1023 641//1023 257//1023
f 640//1024 257//1024 256//1024
f 769//1025 257//1025 258//1025
f 770//1026 642//1026 641//1026
f 641//1027 642//1027 258//1027
f 641//1028 258//1028 257//1028
f 769//1029 258//1029 259//1029
f 770//1030 643//1030 642//1030
f 642//1031 643//1031 259//1031
f 642//1032 259//1032 258//1032
f 769//1033 259//1033 260//1033
f 770//1034 644//1034 643//1034
f 643//1035 644//1035 260//1035
f 643//1036 260//1036 259//1036
f 769//1037 260//1037 261//1037
f 770//1038 645//1038 644//1038
f 644//1039 645//1039 261//1039
f 644//1040 261//1040 260//1040
f 769//1041 261//1041 262//1041
f 770//1042 646//1042 645//1042
f 645//1043 646//1043 262//1043
f 645//1044 262//1044 261//1044
f 769//1045 262//1045 263//1045
f 770//1046 647//1046 646//1046
f 646//1047 647//1047 263//1047
f 646//1048 263//1048 262//1048
f 769//1049 263//1049 264//1049
f 770//1050 648//1050 647//1050
f 647//1051 648//1051 264//1051
f 647//1052 264//1052 263//1052
f 769//1053 264//1053 265//1053
f 770//1054 649//1054 648//1054
f 648//1055 649//1055 265//1055
f 648//1056 265//1056 264//1056
f 769//1057 265//1057 266//1057
f 770//1058 650//1058 649//1058
f 649//1059 650//1059 266//1059
f 649//1060 266//1060 265//1060
f 769//1061 266//1061 267//1061
f 770//1062 651//1062 650//1062
f 650//1063 651//1063 267//1063
f 650//1064 267//1064 266//1064
f 769//1065 267//1065 268//1065
f 770//1066 652//1066 651//1066
f 651//1067 652//1067 268//1067
f 651//1068 268//1068 267//1068
f 769//1069 268//1069 269//1069
f 770//1070 653//1070 652//1070
f 652//1071 653//1071 269//1071
f 652//1072 269//1072 268//1072
f 769//1073 269//1073 270//1073
f 770//1074 654//1074 653//1074
f 653//1075 654//1075 270//1075
f 653//1076 270//1076 269//1076
f 769//1077 270//1077 271//1077
f 770//1078 655//1078 654//1078
f 654//1079 655//1079 271//1079
f 654//1080 271//1080 270//1080
f 769//1081 271//1081 272//1081
f 770//1082 656//1082 655//1082
f 655//1083 656//1083 272//1083
f 655//1084 272//1084 271//1084
f 769//1085 272//1085 273//1085
f 770//1086 657//1086 656//1086
f 656//1087 657//1087 273//1087
f 656//1088 273//1088 272//1088
f 769//1089 273//1089 274//1089
f 770//1090 658//1090 657//1090
f 657//1091 658//1091 274//1091
f 657//1092 274//1092 273//1092
f 769//1093 274//1093 275//1093
f 770//1094 659//1094 658//1094
f 658//1095 659//1095 275//1095
f 658//1096 275//1096 274//1096
f 769//1097 275//1097 276//1097
f 770//1098 660//1098 659//1098
f 659//1099 660//1099 276//1099
f 659//1100 276//1100 275//1100
f 769//1101 276//1101 277//1101
f 770//1102 661//1102 660//1102
f 660//1103 661//1103 277//1103
f 660//1104 277//1104 276//1104
f 769//1105 277//1105 278//1105
f 770//1106 662//1106 661//1106
f 661//1107 662//1107 278//1107
f 661//1108 278//1108 277//1108
f 769//1109 278//1109 279//1109
f 770//1110 663//1110 662//1110
f 662//1111 663//1111 279//1111
f 662//1112 279//1112 278//1112
f 769//1113 279//1113 280//1113
f 770//1114 664//1114 663//1114
f 663//1115 664//1115 280//1115
f 663//1116 280//1116 279//1116
f 769//1117 280//1117 281//1117
f 770//1118 665//1118 664//1118
f 664//1119 665//1119 281//1119
f 664//1120 281//1120 280//1120
f 769//1121 281//1121 282//1121
f 770//1122 666//1122 665//1122
f 665//1123 666//1123 282//1123
f 665//1124 282//1124 281//1124
f 769//1125 282//1125 283//1125
f 770//1126 667//1126 666//1126
f 666//1127 667//1127 283//1127
f 666//1128 283//1128 282//1128
f 769//1129 283//1129 284//1129
f 770//1130 668//1130 667//1130
f 667//1131 668//1131 284//1131
f 667//1132 284//1132 283//1132
f 769//1133 284//1133 285//1133
f 770//1134 669//1134 668//1134
f 668//1135 669//1135 285//1135
f 668//1136 285//1136 284//1136
f 769//1137 285//1137 286//1137
f 770//1138 670//1138 669//1138
f 669//1139 670//1139 286//1139
f 669//1140 286//1140 285//1140
f 769//1141 286//1141 287//1141
f 770//1142 671//1142 670//1142
f 670//1143 671//1143 287//1143
f 670//1144 287//1144 286//1144
f 769//1145 287//1145 288//1145
f 770//1146 672//1146 671//1146
f 671//1147 672//1147 288//1147
f 671//1148 288//1148 287//1148
f 769//1149 288//1149 289//1149
f 770//1150 673//1150 672//1150
f 672//1151 673//1151 289//1151
f 672//1152 289//1152 288//1152
f 769//1153 289//1153 290//1153
f 770//1154 674//1154 673//1154
f 673//1155 674//1155 290//1155
f 673//1156 290//1156 289//1156
f 769//1157 290//1157 291//1157
f 770//1158 675//1158 674//1158
f 674//1159 675//1159 291//1159
f 674//1160 291//1160 290//1160
f 769//1161 291//1161 292//1161
f 770//1162 676//1162 675//1162
f 675//1163 676//1163 292//1163
f 675//1164 292//1164 291//1164
f 769//1165 292//1165 293//1165
f 770//1166 677//1166 676//1166
f 676//1167 677//1167 293//1167
f 676//1168 293//1168 292//1168
f 769//1169 293//1169 294//1169
f 770//1170 678//1170 677//1170
f 677//1171 678//1171 294//1171
f 677//1172 294//1172 293//1172
f 769//1173 294//1173 295//1173
f 770//1174 679//1174 678//1174
f 678//1175 679//1175 295//1175
f 678//1176 295//1176 294//1176
f 769//1177 295//1177 296//1177
f 770//1178 680//1178 679//1178
f 679//1179 680//1179 296//1179
f 679//1180 296//1180 295//1180
f 769//1181 296//1181 297//1181
f 770//1182 681//1182 680//1182
f 680//1183 681//1183 297//1183
f 680//1184 297//1184 296//1184
f 769//1185 297//1185 298//1185
f 770//1186 682//1186 681//1186
f 681//1187 682//1187 298//1187
f 681//1188 298//1188 297//1188
f 769//1189 298//1189 299//1189
f 770//1190 683//1190 682//1190
f 682//1191 683//1191 299//1191
f 682//1192 299//1192 298//1192
f 769//1193 299//1193 300//1193
f 770//1194 684//1194 683//1194
f 683//1195 684//1195 300//1195
f 683//1196 300//1196 299//1196
f 769//1197 300//1197 301//1197
f 770//1198 685//1198 684//1198
f 684//1199 685//1199 301//1199
f 684//1200 301//1200 300//1200
f 769//1201 301//1201 302//1201
f 770//1202 686//1202 685//1202
f 685//1203 686//1203 302//1203
f 685//1204 302//1204 301//1204
f 769//1205 302//1205 303//1205
f 770//1206 687//1206 686//1206
f 686//1207 687//1207 303//1207
f 686//1208 303//1208 302//1208
f 769//1209 303//1209 304//1209
f 770//1210 688//1210 687//1210
f 687//1211 688//1211 304//1211
f 687//1212 304//1212 303//1212
f 769//1213 304//1213 305//1213
f 770//1214 689//1214 688//1214
f 688//1215 689//1215 305//1215
f 688//1216 305//1216 304//1216
f 769//1217 305//1217 306//1217
f 770//1218 690//1218 689//1218
f 689//1219 690//1219 306//1219
f 689//1220 306//1220 305//1220
f 769//1221 306//1221 307//1221
f 770//1222 691//1222 690//1222
f 690//1223 691//1223 307//1223
f 690//1224 307//1224 306//1224
f 769//1225 307//1225 308//1225
f 770//1226 692//1226 691//1226
f 691//1227 692//1227 308//1227
f 691//1228 308//1228 307//1228
f 769//1229 308//1229 309//1229
f 770//1230 693//1230 692//1230
f 692//1231 693//1231 309//1231
f 692//1232 309//1232 308//1232
f 769//1233 309//1233 310//1233
f 770//1234 694//1234 693//1234
f 693//1235 694//1235 310//1235
f 693//1236 310//1236 309//1236
f 769//1237 310//1237 311//1237
f 770//1238 695//1238 694//1238
f 694//1239 695//1239 311//1239
f 694//1240 311//1240 310//1240
f 769//1241 311//1241 312//1241
f 770//1242 696//1242 695//1242
f 695//1243 696//1243 312//1243
f 695//1244 312//1244 311//1244
f 769//1245 312//1245 313//1245
f 770//1246 697//1246 696//1246
f 696//1247 697//1247 313//1247
f 696//1248 313//1248 312//1248
f 769//1249 313//1249 314//1249
f 770//1250 698//1250 697//1250
f 697//1251 698//1251 314//1251
f 697//1252 314//1252 313//1252
f 769//1253 314//1253 315//1253
f 770//1254 699//1254 698//1254
f 698//1255 699//1255 315//1255
f 698//1256 315//1256 314//1256
f 769//1257 315//1257 316//1257
f 770//1258 700//1258 699//1258
f 699//1259 700//1259 316//1259
f 699//1260 316//1260 315//1260
f 769//1261 316//1261 317//1261
f 770//1262 701//1262 700//1262
f 700//1263 701//1263 317//1263
f 700//1264 317//1264 316//1264
f 769//1265 317//1265 318//1265
f 770//1266 702//1266 701//1266
f 701//1267 702//1267 318//1267
f 701//1268 318//1268 317//1268
f 769//1269 318//1269 319//1269
f 770//1270 703//1270 702//1270
f 702//1271 703//1271 319//1271
f 702//1272 319//1272 318//1272
f 769//1273 319//1273 320//1273
f 770//1274 704//1274 703//1274
f 703//1275 704//1275 320//1275
f 703//1276 320//1276 319//1276
f 769//1277 320//1277 321//1277
f 770//1278 705//1278 704//1278
f 704//1279 705//1279 321//1279
f 704//1280 321//1280 320//1280
f 769//1281 321//1281 322//1281
f 770//1282 706//1282 705//1282
f 705//1283 706//1283 322//1283
f 705//1284 322//1284 321//1284
f 769//1285 322//1285 323//1285
f 770//1286 707//1286 706//1286
f 706//1287 707//1287 323//1287
f 706//1288 323//1288 322//1288
f 769//1289 323//1289 324//1289
f 770//1290 708//1290 707//1290
f 707//1291 708//1291 324//1291
f 707//1292 324//1292 323//1292
f 769//1293 324//1293 325//1293
f 770//1294 709//1294 708//1294
f 708//1295 709//1295 325//1295
f 708//1296 325//1296 324//1296
f 769//1297 325//1297 326//1297
f 770//1298 710//1298 709//1298
f 709//1299 710//1299 326//1299
f 709//1300 326//1300 325//1300
f 769//1301 326//1301 327//1301
f 770//1302 711//1302 710//1302
f 710//1303 711//1303 327//1303
f 710//1304 327//1304 326//1304
f 769//1305 327//1305 328//1305
f 770//1306 712//1306 711//1306
f 711//1307 712//1307 328//1307
f 711//1308 328//1308 327//1308
f 769//1309 328//1309 329//1309
f 770//1310 713//1310 712//1310
f 712//1311 713//1311 329//1311
f 712//1312 329//1312 328//1312
f 769//1313 329//1313 330//1313
f 770//1314 714//1314 713//1314
f 713//1315 714//1315 330//1315
f 713//1316 330//1316 329//1316
f 769//1317 330//1317 331//1317
f 770//1318 715//1318 714//1318
f 714//1319 715//1319 331//1319
f 714//1320 331//1320 330//1320
f 769//1321 331//1321 332//1321
f 770//1322 716//1322 715//1322
f 715//1323 716//1323 332//1323
f 715//1324 332//1324 331//1324
f 769//1325 332//1325 333//1325
f 770//1326 717//1326 716//1326
f 716//1327 717//1327 333//1327
f 716//1328 333//1328 332//1328
f 769//1329 333//1329 334//1329
f 770//1330 718//1330 717//1330
f 717//1331 718//1331 334//1331
f 717//1332 334//1332 333//1332
f 769//1333 334//1333 335//1333
f 770//1334 719//1334 718//1334
f 718//1335 719//1335 335//1335
f 718//1336 335//1336 334//1336
f 769//1337 335//1337 336//1337
f 770//1338 720//1338 719//1338
f 719//1339 720//1339 336//1339
f 719//1340 336//1340 335//1340
f 769//1341 336//1341 337//1341
f 770//1342 721//1342 720//1342
f 720//1343 721//1343 337//1343
f 720//1344 337//1344 336//1344
f 769//1345 337//1345 338//1345
f 770//1346 722//1346 721//1346
f 721//1347 722//1347 338//1347
f 721//1348 338//1348 337//1348
f 769//1349 338//1349 339//1349
f 770//1350 723//1350 722//1350
f 722//1351 723//1351 339//1351
f 722//1352 339//1352 338//1352
f 769//1353 339//1353 340//1353
f 770//1354 724//1354 723//1354
f 723//1355 724//1355 340//1355
f 723//1356 340//1356 339//1356
f 769//1357 340//1357 341//1357
f 770//1358 725//1358 724//1358
f 724//1359 725//1359 341//1359
f 724//1360 341//1360 340//1360
f 769//1361 341//1361 342//1361
f 770//1362 726//1362 725//1362
f 725//1363 726//1363 342//1363
f 725//1364 342//1364 341//1364
f 769//1365 342//1365 343//1365
f 770//1366 727//1366 726//1366
f 726//1367 727//1367 343//1367
f 726//1368 343//1368 342//1368
f 769//1369 343//1369 344//1369
f 770//1370 728//1370 727//1370
f 727//1371 728//1371 344//1371
f 727//1372 344//1372 343//1372
f 769//1373 344//1373 345//1373
f 770//1374 729//1374 728//1374
f 728//1375 729//1375 345//1375
f 728//1376 345//1376 344//1376
f 769//1377 345//1377 346//1377
f 770//1378 730//1378 729//1378
f 729//1379 730//1379 346//1379
f 729//1380 346//1380 345//1380
f 769//1381 346//1381 347//1381
f 770//1382 731//1382 730//1382
f 730//1383 731//1383 347//1383
f 730//1384 347//1384 346//1384
f 769//1385 347//1385 348//1385
f 770//1386 732//1386 731//1386
f 731//1387 732//1387 348//1387
f 731//1388 348//1388 347//1388
f 769//1389 348//1389 349//1389
f 770//1390 733//1390 732//1390
f 732//1391 733//1391 349//1391
f 732//1392 349//1392 348//1392
f 769//1393 349//1393 350//1393
f 770//1394 734//1394 733//1394
f 733//1395 734//1395 350//1395
f 733//1396 350//1396 349//1396
f 769//1397 350//1397 351//1397
f 770//1398 735//1398 734//1398
f 734//1399 735//1399 351//1399
f 734//1400 351//1400 350//1400
f 769//1401 351//1401 352//1401
f 770//1402 736//1402 735//1402
f 735//1403 736//1403 352//1403
f 735//1404 352//1404 351//1404
f 769//1405 352//1405 353//1405
f 770//1406 737//1406 736//1406
f 736//1407 737//1407 353//1407
f 736//1408 353//1408 352//1408
f 769//1409 353//1409 354//1409
f 770//1410 738//1410 737//1410
f 737//1411 738//1411 354//1411
f 737//1412 354//1412 353//1412
f 769//1413 354//1413 355//1413
f 770//1414 739//1414 738//1414
f 738//1415 739//1415 355//1415
f 738//1416 355//1416 354//1416
f 769//1417 355//1417 356//1417
f 770//1418 740//1418 739//1418
f 739//1419 740//1419 356//1419
f 739//1420 356//1420 355//1420
f 769//1421 356//1421 357//1421
f 770//1422 741//1422 740//1422
f 740//1423 741//1423 357//1423
f 740//1424 357//1424 356//1424
f 769//1425 357//1425 358//1425
f 770//1426 742//1426 741//1426
f 741//1427 742//1427 358//1427
f 741//1428 358//1428 357//1428
f 769//1429 358//1429 359//1429
f 770//1430 743//1430 742//1430
f 742//1431 743//1431 359//1431
f 742//1432 359//1432 358//1432
f 769//1433 359//1433 360//1433
f 770//1434 744//1434 743//1434
f 743//1435 744//1435 360//1435
f 743//1436 360//1436 359//1436
f 769//1437 360//1437 361//1437
f 770//1438 745//1438 744//1438
f 744//1439 745//1439 361//1439
f 744//1440 361//1440 360//1440
f 769//1441 361//1441 362//1441
f 770//1442 746//1442 745//1442
f 745//1443 746//1443 362//1443
f 745//1444 362//1444 361//1444
f 769//1445 362//1445 363//1445
f 770//1446 747//1446 746//1446
f 746//1447 747//1447 363//1447
f 746//1448 363//1448 362//1448
f 769//1449 363//1449 364//1449
f 770//1450 748//1450 747//1450
f 747//1451 748//1451 364//1451
f 747//1452 364//1452 363//1452
f 769//1453 364//1453 365//1453
f 770//1454 749//1454 748//1454
f 748//1455 749//1455 365//1455
f 748//1456 365//1456 364//1456
f 769//1457 365//1457 366//1457
f 770//1458 750//1458 749//1458
f 749//1459 750//1459 366//1459
f 749//1460 366//1460 365//1460
f 769//1461 366//1461 367//1461
f 770//1462 751//1462 750//1462
f 750//1463 751//1463 367//1463
f 750//1464 367//1464 366//1464
f 769//1465 367//1465 368//1465
f 770//1466 752//1466 751//1466
f 751//1467 752//1467 368//1467
f 751//1468 368//1468 367//1468
f 769//1469 368//1469 369//1469
f 770//1470 753//1470 752//1470
f 752//1471 753//1471 369//1471
f 752//1472 369//1472 368//1472
f 769//1473 369//1473 370//1473
f 770//1474 754//1474 753//1474
f 753//1475 754//1475 370//1475
f 753//1476 370//1476 369//1476
f 769//1477 370//1477 371//1477
f 770//1478 755//1478 754//1478
f 754//1479 755//1479 371//1479
f 754//1480 371//1480 370//1480
f 769//1481 371//1481 372//1481
f 770//1482 756//1482 755//1482
f 755//1483 756//1483 372//1483
f 755//1484 372//1484 371//1484
f 769//1485 372//1485 373//1485
f 770//1486 757//1486 756//1486
f 756//1487 757//1487 373//1487
f 756//1488 373//1488 372//1488
f 769//1489 373//1489 374//1489
f 770//1490 758//1490 757//1490
f 757//1491 758//1491 374//1491
f 757//1492 374//1492 373//1492
f 769//1493 374//1493 375//1493
f 770//1494 759//1494 758//1494
f 758//1495 759//1495 375//1495
f 758//1496 375//1496 374//1496
f 769//1497 375//1497 376//1497
f 770//1498 760//1498 759//1498
f 759//1499 760//1499 376//1499
f 759//1500 376//1500 375//1500
f 769//1501 376//1501 377//1501
f 770//1502 761//1502 760//1502
f 760//1503 761//1503 377//1503
f 760//1504 377//1504 376//1504
f 769//1505 377//1505 378//1505
f 770//1506 762//1506 761//1506
f 761//1507 762//1507 378//1507
f 761//1508 378//1508 377//1508
f 769//1509 378//1509 379//1509
f 770//1510 763//1510 762//1510
f 762//1511 763//1511 379//1511
f 762//1512 379//1512 378//1512
f 769//1513 379//1513 380//1513
f 770//1514 764//1514 763//1514
f 763//1515 764//1515 380//1515
f 763//1516 380//1516 379//1516
f 769//1517 380//1517 381//1517
f 770//1518 765//1518 764//1518
f 764//1519 765//1519 381//1519
f 764//1520 381//1520 380//1520
f 769//1521 381//1521 382//1521
f 770//1522 766//1522 765//1522
f 765//1523 766//1523 382//1523
f 765//1524 382//1524 381//1524
f 769//1525 382//1525 383//1525
f 770//1526 767//1526 766//1526
f 766//1527 767//1527 383//1527
f 766//1528 383//1528 382//1528
f 769//1529 383//1529 384//1529
f 770//1530 768//1530 767//1530
f 767//1531 768//1531 384//1531
f 767//1532 384//1532 383//1532
f 769//1533 384//1533 1//1533
f 770//1534 385//1534 768//1534
f 768//1535 385//1535 1//1535
f 768//1536 1//1536 384//1536
f 819//1537 771//1537 772//1537
f 795//1538 796//1538 772//1538
f 795//1539 772//1539 771//1539
f 819//1540 772//1540 773//1540
f 796//1541 797//1541 773//1541
f 796//1542 773//1542 772//1542
f 819//1543 773//1543 774//1543
f 797//1544 798//1544 774//1544
f 797//1545 774//1545 773//1545
f 819//1546 774//1546 775//1546
f 798//1547 799//1547 775//1547
f 798//1548 775//1548 774//1548
f 819//1549 775//1549 776//1549
f 799//1550 800//1550 776//1550
f 799//1551 776//1551 775//1551
f 819//1552 776//1552 777//1552
f 800//1553 801//1553 777//1553
f 800//1554 777//1554 776//1554
f 819//1555 777//1555 778//1555
f 801//1556 802//1556 778//1556
f 801//1557 778//1557 777//1557
f 819//1558 778//1558 779//1558
f 802//1559 803//1559 779//1559
f 802//1560 779//1560 778//1560
f 819//1561 779//1561 780//1561
f 803//1562 804//1562 780//1562
f 803//1563 780//1563 779//1563
f 819//1564 780//1564 781//1564
f 804//1565 805//1565 781//1565
f 804//1566 781//1566 780//1566
f 819//1567 781//1567 782//1567
f 805//1568 806//1568 782//1568
f 805//1569 782//1569 781//1569
f 819//1570 782//1570 783//1570
f 806//1571 807//1571 783//1571
f 806//1572 783//1572 782//1572
f 819//1573 783//1573 784//1573
f 807//1574 808//1574 784//1574
f 807//1575 784//1575 783//1575
f 819//1576 784//1576 785//1576
f 808//1577 809//1577 785//1577
f 808//1578 785//1578 784//1578
f 819//1579 785//1579 786//1579
f 809//1580 810//1580 786//1580
f 809//1581 786//1581 785//1581
f 819//1582 786//1582 787//1582
f 810//1583 811//1583 787//1583
f 810//1584 787//1584 786//1584
f 819//1585 787//1585 788//1585
f 811//1586 812//1586 788//1586
f 811//1587 788//1587 787//1587
f 819//1588 788//1588 789//1588
f 812//1589 813//1589 789//1589
f 812//1590 789//1590 788//1590
f 819//1591 789//1591 790//1591
f 813//1592 814//1592 790//1592
f 813//1593 790//1593 789//1593
f 819//1594 790//1594 791//1594
f 814//1595 815//1595 791//1595
f 814//1596 791//1596 790//1596
f 819//1597 791//1597 792//1597
f 815//1598 816//1598 792//1598
f 815//1599 792//1599 791//1599
f 819//1600 792//1600 793//1600
f 816//1601 817//1601 793//1601
f 816//1602 793//1602 792//1602
f 819//1603 793//1603 794//1603
f 817//1604 818//1604 794//1604
f 817//1605 794//1605 793//1605
f 819//1606 794//1606 771//1606
f 818//1607 795//1607 771//1607
f 818//1608 771//1608 794//1608
